service_type,is_mix_service,online_time,1_total_fee,2_total_fee,3_total_fee,4_total_fee,month_traffic,many_over_bill,contract_type,contract_time,is_promise_low_consume,net_service,pay_times,pay_num,last_month_traffic,local_trafffic_month,local_caller_time,service1_caller_time,service2_caller_time,gender,age,complaint_level,former_complaint_num,former_complaint_fee,current_service,user_id
4,0,85,295.96,296.2,296,296.8,3813.614698,0,1,36,0,4,2,300.04,4096,1392.038508,108.1,0,564.3666667,1,31,0,0,0,99999825,Gx4sJzcQog01UhZL
1,0,10,265.2,261.2,208.5,174.5,0,1,0,0,0,4,3,300,0,62852.50972,240.1,355.1666667,0,1,30,0,0,0,90063345,kEXrhTiug93DIcLG
1,0,12,44.5,70.2,69,61.4,2598.397406,0,0,0,0,4,4,50,0,1935.242104,27.66666667,0,98.41666667,2,25,0,0,0,90109916,AouXr0EOUtSRdiYK
4,0,134,87.95,81.4,76,88.3,988.4405632,0,0,0,0,4,1,100,37.33642483,988.561075,89.9,74.48333333,121.8333333,1,44,0,0,0,89950166,Yds7U30hnRZDiLtb
4,0,84,317.04,314.08,435.51,413.05,5885.800642,0,1,24,0,4,12,1000.03,3305.741127,0,0,35.1,496.7333333,1,31,2,1,0,99999825,OFDTSXrhN9Q2mbVw
4,0,46,36,36,36,37.2,218.0034523,0,3,12,0,4,1,30,459.2940483,218.003452,14.63333333,0,14.63333333,1,42,0,0,0,89950168,4qHSn3dkPzJTAjoG
1,0,12,33.6,32.7,38.7,45.7,0,0,0,0,0,4,1,50,0,0,6.116666667,136.0333333,0,1,27,0,0,0,90063345,tXkjbzpTsZcxYPKG
4,0,109,116,116,116,116,635.9462757,0,9,12,0,4,2,200,1024,635.9784,250.8833333,0,310.7333333,1,40,0,0,0,89950167,ro43b68MustgPyOR
4,0,30,73.95,91.42,66,65.95,230.273015,0,0,0,0,4,2,200,500,22.655023,15.28333333,41.9,82.91666667,1,43,1,2,0,89950168,18e2VC0IJ7SkcKzF
1,0,7,89,91,90.6,126.1,0,1,0,0,0,4,2,120,0,7830.505474,33.73333333,0,101.8333333,1,22,0,0,0,90155946,YCEo95zSZ08IJ3PW
4,0,47,42,42,42,42,0,0,2,12,0,2,1,42,800,0,1.916666667,0,9.2,0,0,0,0,0,89950166,M9aTwUjbqQSYK8hN
4,0,51,76.1,156,116,107.3,3048.047233,0,9,12,0,4,2,101,0,2877.650042,128.8,0,144.8166667,1,43,0,0,0,89950166,cfGAgMWTJLt09VDs
4,0,59,123.3,175.2,110.95,178,683.8885632,0,3,12,0,4,3,200,0,699.484269,169.3166667,162.9166667,465.6833333,2,29,0,0,0,99999828,km0xTQGpIYZuXWyL
1,0,7,60.3,145.3,78.2,94.7,0,1,0,0,0,4,1,50,0,46671.924,0,1.916666667,0,1,27,0,0,0,90063345,d9L37fAwopQkWPYh
4,0,122,208.9,225.7,157,241.65,1490.740294,0,9,12,0,4,1,100,865.3767033,892.298403,461.5666667,281.75,724.9,1,56,0,0,0,99999828,UXewZPdJbBiycY8Q
4,0,43,256,327.7,316.5,256.1,3882.650403,1,0,0,0,4,10,1477.6,0,3337.917841,70.98333333,0,98.61666667,2,27,2,1,6000,99999828,Z5igARInaGBkjYdm
1,0,5,7.91,13.7,11.05,15.1,0,1,0,0,0,2,1,50,0,0,0,0,0,1,44,0,0,0,90063345,gH7nkfV2a0cKPQT6
1,0,4,19.6,21.4,12.42,0,0,0,0,0,0,2,1,30,0,3.842385,0.9,0.9,0,1,17,0,0,0,90063345,wnYh1QfSNBcGMTJ5
4,1,65,84.35,98.05,76,76,1824.925221,0,9,12,0,4,1,100,800,1545.382987,58.6,47.11666667,171.7166667,2,30,0,0,0,89950166,zPhEjLIWi3dKV6GU
1,0,18,48.9,54.5,51.9,66.1,0,1,0,0,0,4,2,40,0,0,0,3.333333333,1.566666667,1,24,0,0,0,90063345,JzrYtgsjF45bBun1
4,0,60,225.95,339.25,296.45,354.35,500,0,1,24,0,4,4,300.05,0,1430.710204,86.8,0,201.6166667,1,36,0,0,0,99999826,rL402wVDpGPBfC8q
1,0,12,107.74,128.96,165.66,360.68,0,1,0,0,0,4,1,100,0,8121.108418,4.783333333,21.26666667,0,1,27,0,0,0,90063345,CognwxZ2aJfv03c4
1,0,18,89.7,96.4,78.8,69.7,0,1,0,0,0,4,1,100,0,17173.21254,48.08333333,388.5333333,18.53333333,1,26,0,0,0,90063345,QnU8PiaY63eAVlDr
4,0,72,126.1,126.5,126.5,126.85,2785.341695,0,3,12,0,4,2,80.5,1975.834002,0,0,0,255.5333333,1,49,0,0,0,99999827,xPRY6725k90KdyjW
4,0,30,71,71,79.64,95.86,14946.72815,0,9,12,0,4,1,50,400.0599432,14946.7349,7.866666667,0,11.1,1,30,0,0,0,89950168,qLyPkjf86sZdEtNg
4,0,74,139.93,163.48,154.8,177.61,5078.91897,0,9,12,1,4,1,0.07,1024,4511.737503,337.85,0,398.2333333,1,31,0,0,0,99999828,IViSctryC8lTBvDj
4,1,51,75.95,79.55,96.03,76,591.0618725,0,9,12,0,4,3,100.05,800,479.671385,140.5166667,0,165.1,2,35,0,0,0,89950166,NAQc9BvmlKFjTgoC
4,0,18,146,146.1,146.2,146,6.233837128,0,0,0,0,4,1,146.1,3072,0,0,0,39.96666667,0,0,0,0,0,99999826,0QR3gvwTmBnHhlVZ
1,0,13,34.3,30.2,33.3,45.3,0,1,0,0,0,4,1,50,0,0,0,0,0,1,26,0,0,0,90063345,D8Y21qN945kBieLd
1,0,14,105.9,176.7,91.4,162.5,0,1,0,0,0,4,2,150,0,27714.97274,188.8,430.6666667,0,1,27,0,0,0,90063345,jzCO0UbDyAhJgeGN
1,0,4,62.6,25.26,26.1,9.15,0,1,0,0,0,4,4,60,0,26432.09392,0,0,0.8,1,17,0,0,0,90063345,8qwBzScDaQdP61bL
1,0,17,37.2,43.9,21,39,0,1,0,0,0,4,1,30,0,2937.601533,0,0,0,1,25,0,0,0,90063345,NftPFxHg3kdcAm6n
4,0,33,83,256,308.3,136.08,3467.311842,0,9,12,0,4,1,100,0,3467.311842,38.13333333,72.06666667,166.5666667,1,28,0,0,0,89950166,Upeo1Kubwr4qIfJd
4,0,15,106,106.3,106.1,106.3,0.189691544,0,1,24,0,4,2,130,1024,0.189692,41.46666667,0,43.73333333,1,28,1,2,0,89950167,zYgRD9dbxpV3LeuP
1,0,14,77,81.2,95.6,93.3,0,1,0,0,0,4,7,90,0,5933.57032,0,0,0,1,17,0,0,0,90155946,aoDhrCek3zlqYU2E
4,0,34,206.66,333.02,241,316.3,2563.414215,1,1,24,0,4,2,200.02,0,2563.526344,68.35,0,68.66666667,1,33,0,0,0,99999826,pdQCvySzG8FYNsKj
1,0,12,53.4,43.3,38.3,55.8,0,1,0,0,0,4,1,50,0,6987.33616,67.9,78.03333333,0,2,46,0,0,0,90063345,YkuoePJW8wl9BCtO
1,0,5,21.06,1.32,13.75,25.95,0.602062225,1,0,0,0,4,2,40,0,0,0,0,0,1,21,0,0,0,90063345,nHUfABi6I8GuCjzd
1,0,14,53,97.5,79.8,86.1,0,1,0,0,0,4,1,50,0,0,0,59.46666667,72.05,1,22,0,0,0,90063345,YBgsmXA37TQH9jaV
1,0,14,34.1,35.6,40.8,46.2,0,1,0,0,0,4,2,105,0,4199.550233,0,0,0,1,40,0,0,0,90063345,L1zRBc6aNK7E9Qp2
1,0,10,100.6,109.6,101,121.5,0,1,0,0,0,4,3,90,0,24988.11511,164.9,0,217.6,1,21,0,0,0,90155946,wFvsp1roYmDGPWXL
4,0,27,84.7,94.15,121.6,95.5,725.4231606,0,0,0,1,4,1,200,800,211.080788,46.75,46.96666667,168.1833333,1,21,0,0,0,89950166,zVgyluCdD71Wph0i
1,0,12,50.2,46.2,77.5,54.9,500,1,0,0,0,4,1,50,0,22116.17394,1.233333333,1.4,0,1,19,0,0,0,90063345,tXUNAhLZF7e3DJp0
4,0,15,136.06,171.34,115.91,136.2,1919.32721,1,9,12,0,4,4,70.04,0,178.695591,28.95,119,160.9333333,1,21,1,3,10756,89950166,ZzA5gvqL4ydP3Qfl
4,0,86,113.83,106.2,106,106,2133.16964,0,1,24,0,4,1,100,812.18577,2078.063466,163.4833333,0,228.65,1,49,0,0,0,89950167,Af2UrciPJZjNCvyR
4,0,10,106,106,106,123.55,0,0,3,12,0,2,4,210,1024,0,115.2333333,0,159.9,1,39,0,0,0,89950167,caq9gEIFDzVAHSUQ
1,0,4,44.3,42.9,37.1,16.39,0,1,0,0,0,4,2,40,0,6011.569892,0,0,0,1,18,0,0,0,90063345,S7tm3kX9wuOMNjp2
1,0,10,30.5,34.5,38,50.6,0,1,0,0,0,4,3,60,0,0,0,12.83333333,0,1,21,0,0,0,90063345,HAd16Xj9VhJMevlZ
4,0,113,85.38,78.24,92.18,78.65,544.1049433,0,1,24,0,3,4,180.05,0,195.75109,17.53333333,0,120.1666667,1,43,0,0,0,89950166,tWo4QDXZYA97C0Bs
4,0,54,171.5,144.55,280.55,228.2,2011.021006,1,1,36,1,4,3,200,0,26850.65292,41.05,0,166.5166667,2,29,0,0,0,99999830,0srJCfKHdpG7XF4D
1,0,4,41.8,36,5,0,1444.577683,0,0,0,0,4,1,30,2048,871.337203,1.45,24.91666667,74.16666667,1,31,0,0,0,90109916,zEXyr74tqCBQjZlb
1,0,15,0,39.6,45,36,2816.023306,0,0,0,0,4,1,79,0,3593.044975,16.26666667,0,16.26666667,1,32,1,1,0,90109916,iTcHMbl7nWqLFvS6
1,0,7,44.4,45.8,44.5,48.7,0,1,0,0,0,4,1,50,0,1791.728438,0,0,0,2,31,0,0,0,90063345,FoUr7mMx2ZOiQknj
4,0,90,106,106,106,105.93,1700.74407,0,0,0,0,4,1,106,796.9481106,1700.738958,83.93333333,0,100.5833333,1,56,0,0,0,89950167,b5Wz74QGD0mkldaO
4,0,61,76,76,76,76.06,0,0,9,12,0,4,1,50,532.8549891,0,83.15,0,88.01666667,1,26,0,0,0,89950166,jpUnxYVSKw7dC6tg
4,0,91,214.06,187.87,165.98,317.71,2237.530606,0,1,24,0,4,4,201.87,91.90540028,1199.117855,150.7166667,261.6666667,422.7166667,1,44,0,0,0,99999827,bkeG8uTcpitCVOD1
4,0,46,76,76,166,86,869.3063574,0,9,12,0,4,4,350,0,869.307396,9.55,0,20.43333333,1,27,0,0,0,89950166,5JCod2aRrVKhDnIA
1,0,10,38.6,29.8,30.2,50.4,0,1,0,0,0,4,3,50,0,10831.31736,2.683333333,0,17.78333333,1,29,0,0,0,90063345,yNPH6WRbMEzk8Q1K
4,0,57,201,201,201,201,2529.868616,0,0,0,0,3,3,250,3072,2455.083696,56.75,0,178.7666667,1,39,0,0,0,99999826,lJyTzWK6jxYtv07S
4,0,134,78.94,79.1,80.6,59,1093.482187,0,9,12,0,4,1,0.06,0,1096.837207,26.43333333,0,52.8,2,70,1,1,5000,89950166,yCv1LSY76VajpAuG
4,0,25,76,76,76,76,0.205301285,0,9,12,0,2,2,80,800,0,0,0,95.26666667,1,46,0,0,0,89950166,BQsXjfWJbHknM7zZ
4,0,134,46,46,46,46.3,378.7615013,0,12,36,0,3,1,26,400,30.474235,26.66666667,0,92.25,1,59,1,1,1000,99999830,Om1YHiM9Z6qWgasL
1,0,8,52,53.7,56.8,56.8,0,1,0,0,0,4,1,30,0,15555.83819,21.91666667,0,24.75,1,25,0,0,0,90063345,jga4RPif65SqTmXu
4,0,22,76,0,0,71,0,0,0,0,0,2,1,50,0,0,0,0,0,2,22,0,0,0,89950166,52f9FiyRulqSYscE
4,0,55,117.8,117.8,118,117.9,2108.854962,0,0,0,0,4,3,300,3072,1640.068186,2.766666667,0,110.8,1,31,0,0,0,89950167,ua7NtpAmJGiLo8zf
4,0,71,281.5,787.96,363.48,316,3143.052631,1,0,0,0,4,2,300.06,0,0,0,2.816666667,177.45,2,31,0,0,0,99999828,DR8Pgn1WMN9yuQJ0
1,0,9,45.1,40.7,32.4,21.7,0,1,0,0,0,4,3,60,0,6920.783269,0,0,0,2,34,0,0,0,90063345,V7qb1ZTLtXuUcmsr
1,0,5,58.7,107.9,17.99,25.2,0,1,0,0,0,4,1,15,0,0,0,42.13333333,0,1,25,0,0,0,90063345,MIsjv98DYWtQCXZa
4,0,114,207.6,329.5,265.1,205,4021.913831,1,1,24,0,4,4,600,0,0,0,0,67.73333333,1,31,0,0,0,99999826,BdoYMRIOCeiyLK7S
1,0,8,43.4,46.1,35.7,57.9,0,1,0,0,0,4,1,50,0,5825.163357,12.75,12.75,0,1,20,0,0,0,90063345,4MXhSbrCZgoutTeD
4,0,10,35.96,36,36,36,0.540078163,0,3,12,0,2,1,0.04,500,0.540078,0.616666667,0,0.616666667,2,35,0,0,0,89950168,8lRneBXVwOHMfiIh
4,0,36,81.23,81,86.5,81,0.0296278,0,0,0,0,2,1,0.07,400,0,0,0,17.33333333,1,42,0,0,0,99999830,DuLMnNWjGXRdEhOp
4,0,9,76,33,50,50,1.14385891,0,0,0,0,3,2,61,800,1.143859,8.3,0,8.3,1,51,0,0,0,89950166,E3qlK8BCrI2X1VfJ
1,0,7,47.9,46.5,42.3,31.49,0,1,0,0,0,4,2,120,0,2237.656195,32.51666667,33.28333333,0,2,34,0,0,0,90063345,L5Ct6hzFelcZOajD
1,0,7,74.4,50.5,46.8,33.3,0,1,0,0,0,4,3,90,0,40703.68293,3.85,58.31666667,0,2,30,0,0,0,90063345,KxaCznPrVgystO3m
4,0,32,165.95,259.05,225.99,245.76,2819.493939,0,9,12,0,4,1,0.05,0,0,0,0,742.5166667,2,31,0,0,0,99999827,DN0EuAfe3igH5sVd
4,0,78,194.9,232.6,171.9,250.75,2222.887445,0,1,36,0,4,1,0.05,2957.750296,398.184308,7.833333333,143.7166667,422.65,1,31,0,0,0,99999827,zIbsXnPjhgeTwy5D
4,0,84,126.55,126.2,126.05,130.65,3380.490426,0,3,12,1,4,3,326.2,2048,3403.676943,186.4666667,15.65,170.8166667,1,32,0,0,0,89950166,GQ2Kw5cV9yYADvds
4,0,50,196,316.2,376,316,2199.491297,1,0,0,0,4,4,600,0,2089.169878,7.783333333,0,64.6,2,31,0,0,0,99999830,TywQvJUNenhX2MuW
4,0,133,106,106,106,106.1,1418.646703,0,3,12,0,4,2,200,450.3229733,1425.168053,38.95,0,45.63333333,1,39,0,0,0,89950167,fAn1T2KzMcBZYjL5
4,1,62,136,136,136,136.1,623.5375996,0,1,24,0,4,1,100,1024,623.727785,100.1,0,100.1,1,45,0,0,0,99999828,rZQGlvqUAOMVBTES
4,0,48,99.5,86,86.1,206,3299.003094,0,9,12,0,4,1,50,800,3299.045812,14.58333333,86.56666667,178.15,1,42,0,0,0,89950166,yQB1uqRNKLY4OEag
4,0,134,109.4,114.25,106.1,106.15,0,0,1,24,0,4,2,100.05,0,586.576358,99.45,12.11666667,137.75,1,44,0,0,0,89950167,8paQVdBrnPRLw3oK
1,0,11,36.8,40.4,36.6,45,0,1,0,0,0,4,1,30,0,2037.268323,0,0,0,1,42,0,0,0,90063345,IcASt4EPGTWRZel8
1,0,11,45.4,50.3,47,47.2,0,1,0,0,0,4,2,60,0,18825.06319,0,0,0,2,18,0,0,0,90063345,D01EeiK9bHRVdJxl
4,0,73,166,212.2,166,192.5,2552.069676,0,6,12,0,4,3,200,613.0482006,2184.659814,133.7,0,291.6333333,1,40,0,0,0,99999827,OexzlEYJtRvPncky
1,0,8,69.1,77.3,48.7,38.5,500,1,0,0,0,4,2,60,0,1099.315676,0,41.63333333,0,1,23,0,0,0,90063345,ztUXThpkVKcvOBdR
1,0,9,67,80,39.2,47.4,0,1,0,0,0,4,1,50,0,9568.611685,75.93333333,112.9333333,0,1,23,0,0,0,90063345,yDwzt2J9pfnW8TNq
4,0,66,122.05,210.66,107.29,141.75,811.7368708,0,9,12,0,4,1,100,0,811.86492,205.1,180,277.9166667,1,33,1,1,0,89950166,a6xGNPp8JVULKtjI
1,0,8,72.9,124.6,80.3,143.4,0,1,0,0,0,4,1,50,0,316.316721,0,198.6166667,1.65,1,31,0,0,0,90063345,hJjorkKLzA3tTqb6
4,0,79,144.98,98.5,265,89.5,683.4401417,1,0,0,0,4,1,0.02,0,552.881561,2.366666667,0,12.5,2,36,0,0,0,99999830,Nd1DoThOXcyfZn9q
4,0,175,409.35,325.95,326.1,370.8,3099.369241,0,1,24,0,4,1,300,4096,2009.536329,567.9,476.5333333,809.6166667,1,38,0,0,0,99999825,szR4oG3LN0upHEVX
1,0,12,60,80.6,70.3,77,0,1,0,0,0,4,1,50,0,1857.662219,0,0,0,1,28,0,0,0,90155946,brEXCVoYqiluIg0L
1,0,12,84.8,73,130,73.6,0,1,0,0,0,4,2,100,0,75701.77543,1.15,0,3.283333333,1,30,0,0,0,90063345,8OskrbyCV7AEKp3I
4,0,16,102,142,92,92,1639.348117,0,3,12,0,4,1,100,0,1340.169975,39.35,0,63.96666667,1,47,0,0,0,89950166,NhcUBwKfSp9O6znE
4,0,37,96,106,196.1,131.25,855.1556959,0,9,12,0,4,3,110,0,0,0,0,158.5666667,2,41,0,0,0,89950166,dZMW16qaJPfSI53V
4,0,101,205.14,225.46,205.5,229.31,2739.070588,0,1,24,0,4,1,0.06,5120,2397.089994,76.63333333,0,262.75,1,31,2,1,0,99999828,sW8QRfaTrAXZdojp
1,0,15,50.8,55,38.3,51.6,0,1,0,0,0,4,4,70,0,15076.70972,1.2,24.78333333,0,1,20,0,0,0,90063345,HT8Sj3qlwMZgkRsJ
1,0,10,51,56.7,52.7,60.3,0,1,0,0,0,4,1,50,0,37369.50564,0.516666667,0,32.2,1,25,0,0,0,90063345,gx7cSDsvINXq1bl4
1,0,11,36.8,66.1,36,37.7,3093.047362,0,0,0,0,4,1,30,0,1483.326315,14.93333333,0,68.1,1,24,1,1,1500,90109916,MoIR9B8q2UWT1jF4
1,0,6,53.5,51.4,44.9,19.24,0,1,0,0,0,4,1,50,0,21138.68332,0,2.35,0,1,28,0,0,0,90063345,pdmYTRZcJ5tyUWPH
4,0,189,106,117.05,118.7,159.1,292.3461494,0,1,24,0,4,2,89,1024,292.358328,147.9,0,151.0333333,1,48,0,0,0,89950167,RGs6Znfm9I0gM4J2
1,0,6,66.1,136.5,64.7,66.7,0,1,0,0,0,4,2,100,0,0,0,99.36666667,2.6,1,27,0,0,0,90063345,BfPbrOJ5uZ7Ac1Fj
4,0,53,70.98,88.17,81.45,82.19,1232.923841,0,3,12,0,4,1,0.02,0,897.315042,41.83333333,0,68.08333333,1,38,0,0,0,89950166,lyFMfogRu1G7UkTc
1,0,17,40.7,37.8,25.7,41.6,0,1,0,0,0,4,1,30,0,11264.56773,0,0,0,1,35,0,0,0,90063345,wyqAplkG1OJjts2z
1,0,14,113.9,89.1,79.5,126.2,0,1,0,0,0,4,2,80,0,16220.80792,140.2333333,89.21666667,143.85,1,54,0,0,0,90155946,QbUK6HTjmAIfGw9S
4,0,223,76,75.96,76.1,76,1200.609901,0,1,24,0,4,2,100,800,1200.642464,44.46666667,0,52.16666667,2,53,0,0,0,89950166,ySd7KctqwsCG9EuW
1,0,9,92.2,143.1,72.3,116.2,500,1,0,0,0,4,2,100,0,43810.92754,11.98333333,16.93333333,0,1,23,0,0,0,90063345,8tsKXT2i305uhl46
1,0,16,26.6,27.3,20.5,45.4,1024,0,0,0,0,4,2,60,0,4503.069262,3.183333333,3.183333333,0,2,31,0,0,0,90063345,rSfgEk5QZFuyz2OB
1,0,17,42.8,44.3,39.8,40.9,0,1,0,0,0,4,2,30,0,0,0,7.483333333,7.166666667,2,39,0,0,0,90063345,bx1cXtyaDwEAmJM0
4,0,34,287.89,197.45,451.67,385.24,1847.209485,0,0,0,0,4,3,400.07,3072,1846.248211,114.2,3.516666667,118.75,0,28,0,0,0,99999826,IP68TCFVgY9eWQqO
1,0,13,36.2,36.5,37.1,36.4,3213.536268,0,0,0,0,4,1,50,1526.05834,3125.496514,31.85,0,44.6,1,30,0,0,0,90109916,0yY6sQaDNET273nz
1,0,7,92.6,92.6,110.3,121.4,0,1,0,0,0,4,1,50,0,5016.035102,107.7666667,0.266666667,162.7666667,1,26,0,0,0,90155946,wODgNEYzWoB6Reh4
1,0,10,41.7,114.7,61.9,69.1,0,1,0,0,0,4,1,100,0,7695.33608,6.133333333,13.45,0,1,24,0,0,0,90063345,w2qaRFuPxisglySA
4,0,59,154.1,160.65,186,145.8,5577.352824,0,1,36,1,4,4,180.05,51.53751373,48719.3101,238.6333333,66.21666667,178.8833333,1,29,0,0,0,99999830,Ncy5Ipq96VkhamgP
1,0,16,74.2,91.7,86.3,123.4,0,1,0,0,0,4,1,100,0,31197.47121,19.58333333,19.58333333,0,1,29,0,0,0,90063345,HS2Ev4AjmKWJBXQd
4,0,72,119.93,141.1,102.97,99,2937.520099,0,3,12,1,4,2,41.2,0,2194.836268,46.2,0,242.2666667,1,32,1,1,0,99999828,aGNsLm61jHzvEXQK
4,0,153,35.95,37.3,38.25,35.94,135.2822056,0,3,12,0,4,1,0.05,500,135.282206,23.61666667,0,45.41666667,2,47,0,0,0,89950168,gp2Uu3GirlchoCnL
1,0,12,28.6,39.1,34.3,36.8,0,1,0,0,0,4,1,50,0,5837.561429,5.433333333,15.3,0,2,32,0,0,0,90063345,guQWK4TwX1GYZqfC
4,1,13,136.1,136,136.7,161.3,3160.013336,0,12,23,0,4,2,200,1753.087399,2596.683919,60.38333333,0,241.85,2,27,1,1,0,99999827,KIg9AX5ujEzynpFq
4,0,9,76,33,50,50,816.6231012,0,0,0,0,4,3,499,800,0,0,0,93.8,1,61,0,0,0,89950166,MgGnf13Smc4HL8Id
1,0,6,73.1,63.1,73.1,93,3189.265342,0,0,0,0,4,1,50,2048,16281.31926,0,0,2.7,1,24,0,0,0,90109916,OB5bSdUW3yqQLczY
1,0,16,81.5,121,130.2,105.2,11261.49394,1,0,0,0,4,1,50,0,11721.83008,6.583333333,0,48.98333333,1,22,0,0,0,90109916,mi08DES1KtYNXjno
1,0,8,44.5,41.3,130.6,46.6,0,1,0,0,0,4,1,30,0,12011.68259,0,13.53333333,0,1,33,0,0,0,90063345,M5vKyJbRB9hrLzsT
1,0,4,50.9,18.6,20.55,17.54,0,1,0,0,0,4,2,40,0,7025.984436,23.25,10.71666667,15.6,1,31,0,0,0,90063345,qxhNeGOUbz80gaLV
1,0,16,35.5,40.2,41.3,36.73,0,1,0,0,0,4,1,50,0,1969.86241,4.816666667,4.816666667,0,1,30,0,0,0,90063345,Ur9dJA0bz7emXcBW
1,0,4,50.42,15.49,23.2,11.31,145.9232483,1,0,0,0,4,2,40,0,1329.685726,28.18333333,28.18333333,0,1,23,0,0,0,90063345,7D4GI8enb2Zd3jzy
4,0,17,120.77,184.74,145,134.99,1622.842348,1,0,0,0,4,2,100.04,0,0,0,0,21.7,1,30,0,0,0,89950166,HKfsTJwLaluP2jFB
4,0,31,69.3,147,63.2,131.3,1607.17535,1,0,0,0,4,2,100,0,1540.748472,23,0,41.01666667,2,28,0,0,0,89950168,9DjQc86pHirno7bP
1,0,10,36,38.6,44.6,46.2,0,1,0,0,0,4,2,55,0,15271.75968,26.35,49.63333333,55.15,2,35,0,0,0,90063345,FRVOLnqt04C8geBA
1,0,9,20.6,22,0,0,0,0,0,0,0,3,1,20,0,0,3,8.166666667,0,2,18,0,0,0,90063345,uCdnpiPq1VYHXzOT
1,0,14,43.9,47.8,46.6,55.4,0,1,0,0,0,4,2,50,0,0,0,0,0,1,26,0,0,0,90063345,76TslefaY0b5OQIS
4,0,130,86,117.1,77,76,717.0713081,0,9,12,0,4,1,50,543.9472485,717.622409,7.883333333,0,176.55,1,37,0,0,0,89950166,Et7oYG3P5HbmVaSX
4,0,16,312.43,340.05,296,296.05,0,0,1,24,0,4,1,0.05,0,539.159578,1.333333333,0,18.4,1,33,0,0,0,99999825,fhIxJYBdGZv1lWMn
1,0,7,44.3,50.7,51.9,49.6,0,1,0,0,0,4,4,50,0,23376.00361,0,68.58333333,0,2,38,0,0,0,90063345,W9IHk2twpLaf4QOF
4,0,130,80,106.7,142.45,80,2842.151929,0,9,12,1,4,7,30,0,2842.488692,90.33333333,0,102.8833333,1,43,1,1,6000,89950166,uIQydZLbTKxckHf2
1,0,4,40.2,58.44,26.8,21.94,0,1,0,0,0,4,2,120,0,10624.85422,1.233333333,1.233333333,0,1,24,0,0,0,90063345,3kgjLJHIbfvRuCFi
1,0,12,19.4,20.8,22.2,1.2,57.85678387,0,0,0,0,4,2,2,0,154.653322,0,3.2,0,1,31,0,0,0,90063345,EYC7hVybvp6JGlT3
4,0,64,112.52,113.45,110,116.57,2048,0,3,12,0,4,8,140,0,4631.427452,128.2833333,0,142.6166667,2,22,0,0,0,99999828,S765hk8RFaNHQsMO
4,0,45,92.45,76,76,76,1853.67774,0,9,12,0,4,2,350,0,1849.102113,103.1166667,4.416666667,170.4833333,1,28,0,0,0,89950166,Rmtxrl6SBofVgK3L
4,0,42,81,81,81,86.7,346.5510836,0,0,0,0,3,1,81,1024,346.506247,121.5333333,0,215.3833333,0,0,0,0,0,99999828,VabD6FplCANo8Yey
4,0,18,136,158.5,196,196,294.6891279,0,0,0,0,4,2,150,0,0,0,0,204.5333333,1,47,0,0,0,99999828,JXvsfF4gLKMkWi9G
4,0,75,395,365,365,365.2,0,0,1,24,0,4,1,270,0,2733.035495,5.983333333,0,7.033333333,1,41,1,1,6900,99999825,wjr6u3HRMzodF8US
1,0,4,36.15,24.25,22.4,11.1,307.4680357,1,0,0,0,4,1,50,0,1734.261716,0,0,0,1,23,0,0,0,90063345,LxWfw0vo5Smz2UMK
1,0,14,54.9,72.4,56.1,65.9,4619.790851,0,0,0,0,4,1,50,0,0,0,0,254.8166667,1,25,0,0,0,90109916,43ixsbaH8ovURLgh
1,0,14,43.7,63.4,53.9,56,0,1,0,0,0,4,1,30,0,0,0,3.25,0,1,27,0,0,0,90063345,HtEGmd34LM7ypZas
1,0,11,103.5,133.3,83.6,99.6,0,1,0,0,0,4,1,30,0,0,0,0,14.18333333,1,29,0,0,0,90155946,IQVUq51o2Pm0B7wS
4,0,32,110.2,104.8,100,100,2920.060139,0,0,0,1,4,6,149,400,2920.064494,22.23333333,60.06666667,169.6666667,1,28,0,0,0,99999830,ulYmJsWXaw5KF0Uq
4,0,91,75.91,91.57,85.72,76,797.6396265,0,1,24,0,4,2,200.09,0,0,0,0,137.1333333,1,41,0,0,0,89950166,DutY52ERnmPH1sld
1,0,7,48.2,50.1,47.5,48.5,0,1,0,0,0,4,1,50,0,18476.84253,0,0,0,1,47,0,0,0,90063345,RvbWyCGfw7c9zjrI
4,0,28,191,131,131,131,20.71698856,0,0,0,0,4,2,200,3072,2990.658855,21.25,0,207.7166667,1,29,0,0,0,89950167,MTSWkC9VcFBlbodG
4,0,6,88.8,86,86,88.88,0,0,3,12,0,2,1,0.08,1024,0,0,0,0,0,0,0,0,0,89950167,WoAy8uigzx4taCmO
1,0,5,52.1,83.3,66.7,51.44,0,1,0,0,0,4,1,50,0,2366.346748,89.8,236.9333333,15.55,2,43,0,0,0,90063345,39Dd7KrXqZBkSpOn
4,0,10,225.76,155,155,317.64,1224.454961,0,3,12,0,4,4,235,1791.733786,1225.340998,16.28333333,0,16.28333333,2,31,0,0,0,99999828,iuQdvbcWXO5NPYpT
4,0,12,103.43,118.92,87,104.28,800.4526091,1,3,12,0,4,6,230.09,0,715.0862,63.05,83.68333333,160.75,1,30,0,0,0,89950166,jQO3XtyMYzI1gv89
4,0,44,175,175,174.95,186.25,5361.54773,0,1,24,0,4,4,250,4259.128086,4889.648013,97.6,0,164.9666667,2,22,0,0,0,89950167,YsKd6FLTqCeHS9RO
4,0,249,114.7,123.78,106.3,107.85,1147.591175,0,1,24,0,4,1,47.3,941.8462706,955.91321,284.2333333,63.66666667,223.2833333,1,41,1,1,6000,89950167,YVdCT5ryhJpeKP3v
4,0,63,451.76,315.18,670.26,346,5247.192121,0,0,0,0,4,2,300.08,72.27207661,5248.312486,16.68333333,3.833333333,16.68333333,1,0,0,0,0,99999827,Zr96bonFlfYdWi5j
4,0,5,106,106,106,106,515.2261381,0,3,12,1,4,2,150,1024,0,0,0,98.55,1,39,0,0,0,89950167,d0kgTMLX8QOoAqhp
4,0,102,406,428.8,406,406.5,3993.990057,0,1,24,0,4,1,291.8,6748.786714,1245.867046,82.81666667,0,662,1,29,0,0,0,99999825,A8JbkBYUNWenVqM0
1,0,13,43.3,45.5,37,48.9,0,1,0,0,0,4,2,40,0,467.445337,5.25,7.6,0,1,50,0,0,0,90063345,Lm4MxJZ2T3oc8sWO
4,0,26,296,296,296.1,296.3,26.6903677,0,0,0,0,4,1,300,4096,26.690368,0,0,0,2,38,0,0,0,99999825,PWh1Yy0SwgznA5JH
1,0,11,50.5,86.3,50.1,58.1,0,1,0,0,0,4,5,50,0,0,0,3.116666667,0,1,21,0,0,0,90063345,QNoiGFsuz4VjmXCO
4,0,13,206,55.97,241.08,180.95,8676.16096,1,3,12,0,4,3,300,107.3722258,8324.720389,33.63333333,0,57.61666667,2,22,0,0,0,89950166,7gjZcKJUthXiHr1d
1,0,5,72.4,56.1,48.4,34.14,0,1,0,0,0,4,2,40,0,8626.150781,3.066666667,40.7,0,2,21,0,0,0,90063345,rb2hmyYnMlaQNGB4
1,0,6,52.1,68,33.4,54.2,0,1,0,0,0,4,2,60,0,0,0,23.81666667,0,1,26,1,1,0,90063345,Wby8lcHfqijxptEO
4,0,44,70,70,70,70,3557.623203,0,3,12,1,4,2,200,800,2818.155543,7.266666667,67.1,171.2,1,35,0,0,0,89950166,3fYLBh9EsHtI2nvo
4,0,134,80.15,74.75,56,58.25,671.5589828,0,1,24,0,4,1,50,500,195.936935,33.5,128.4,77.18333333,1,45,0,0,0,89950168,4kl3yxXTDp6BEHjQ
4,0,88,106,121.67,166,166,854.8181629,0,1,24,0,4,1,100,0,848.140748,62.1,0,100.7833333,2,30,0,0,0,89950167,juP84Yn6Rehb0TxS
1,0,13,30.7,29.2,34.1,35.7,0,1,0,0,0,4,2,60,0,11581.63289,0,4.083333333,0,1,42,0,0,0,90063345,mGNQ48KCbFLo62er
4,0,90,136.1,136,136,136.4,399.8666058,0,1,24,0,4,2,136,1024,37.739805,36.83333333,0,257.4,0,0,1,1,0,99999828,XsmL9TItdahNCGbn
4,0,75,130.45,148.65,126.49,203.01,5740.286457,0,3,12,1,4,3,200.05,0,5702.438052,388.65,25.56666667,414.1166667,2,29,0,0,0,99999827,o5NfAvjEdHCPQKGc
4,0,8,43.1,63.24,60.1,71.35,732.8148298,0,12,7,0,4,1,50,0,0,0,0,66.35,1,26,0,0,0,89950166,1UdxifEMXHvNZpzs
1,0,7,60,56.8,50.6,45.6,0,1,0,0,0,4,1,100,0,10240.80692,18.01666667,14.45,12.7,1,24,0,0,0,90063345,Dr4f0SiPeMwIYtkg
4,0,29,196.58,246,125.98,206.6,3015.010021,0,3,12,1,4,3,500,0,2978.97302,47.93333333,0,49.7,2,25,0,0,0,99999827,Y68n2aZGUCt0EyDB
1,0,15,34.2,48.1,56.7,35.7,1524,1,0,0,0,4,2,40,0,4362.429686,8.166666667,25.36666667,0,1,23,0,0,0,90063345,s0K5EWhdyfD9YrNX
4,0,134,60,60,60.1,60,294.4813824,0,3,12,0,4,2,200,800,294.483944,77.63333333,0,103.5166667,1,50,0,0,0,89950166,ZVF1lc05jHWTaw3P
4,0,40,166,166,151,174.64,783.3805428,0,1,24,0,4,2,300,2048,458.393596,12.61666667,0,13.7,2,32,0,0,0,99999827,HGE8K6xTsUzOmbp9
1,0,6,69.5,112.9,103.9,84.9,0,1,0,0,0,4,3,90,0,0,0,60.41666667,0,1,16,0,0,0,90063345,Mm5KgRO4ALb9evQj
4,0,33,126,126,126.1,132.5,2163.137142,0,3,12,0,4,3,250,1577.334503,2162.054078,86.61666667,0,191.2333333,2,25,0,0,0,99999827,9UF5zW0l6cuNXsZo
4,0,134,132,132,132.05,137.05,943.2273102,0,1,24,0,4,2,95.05,942.4039841,949.474068,63.23333333,0,114.7166667,2,63,0,0,0,89950167,HB7RnFG8OaoEZPex
1,0,9,108,102.3,111.8,89.1,0,1,0,0,0,4,1,50,0,31961.82304,1.366666667,0,22.75,1,38,0,0,0,90155946,sWlKk85g1Pu9Un6D
4,0,182,151,151.2,151,151.2,0,0,1,24,0,4,1,161.2,0,422.922143,268.65,0,363.6166667,1,44,1,1,0,99999828,bsSQjv4GHA9qPLpX
1,0,6,89.3,157.7,58.5,24.8,0,1,0,0,0,4,1,50,0,35782.68663,4.983333333,31.3,0,1,39,0,0,0,90063345,JHuMo2xn1il7IsO5
1,0,4,38.1,36.3,1.3,0,397.1630564,0,0,0,0,4,1,100,2048,492.646165,58.56666667,0,59.76666667,1,44,0,0,0,90109916,qoMNDacbApiPYltf
4,0,14,65,43.2,43.2,36,529.7787609,1,0,0,0,4,1,50,0,0,0,0,1.65,2,36,0,0,0,89950168,Q03qa5corNi7WUjP
4,0,99,296,296.1,296,340.5,0,0,1,36,0,4,3,300,0,0,0,0,190.7666667,1,39,0,0,0,99999825,KhRauNCkzGoL76Pe
4,0,46,165.69,188.2,159.85,216.8,2408.277609,0,1,24,0,4,2,60,1024,2297.557109,112.2166667,39.56666667,463.55,1,23,0,0,0,99999828,VuWptvSE8QGnLcN1
1,0,7,123.8,191.7,92.3,146.2,0,1,0,0,0,4,4,130,0,1046.918115,82.61666667,478.8666667,34.08333333,1,30,0,0,0,90063345,TWRhuHfOGco2XC4N
4,0,52,166.1,168.1,186,166.7,1000,0,1,36,0,4,2,100,0,170.6914,0,0,289.1166667,1,36,0,0,0,99999827,PN2dRw5mJa4zVgZx
4,0,63,76,76,135.3,285,1223.848478,0,9,12,0,4,1,100,133.8761692,1014.562283,17.58333333,0,46,1,20,0,0,0,89950166,iTrgRjzvS6INoHUQ
1,0,10,48.3,56,81.5,59,0,1,0,0,0,4,2,80,0,0,0,87.6,0,2,43,0,0,0,90063345,YISWczseJO7fMZpR
4,0,26,196,196,196,196,0,0,0,0,0,4,1,200,0,19.924384,3.866666667,0,42.05,1,32,0,0,0,99999826,RUrdNnp5SYiQVWkM
4,0,29,406.46,517.24,179.96,180,10866.93839,1,12,36,1,4,4,400.04,0,10439.07394,258.8,166.6666667,119.7333333,1,28,0,0,0,89950166,elCxTPVISzvRgEFq
4,0,77,296,296,305.3,296,5307.081667,0,1,30,0,4,1,185,4096,3212.797224,320.1833333,0,528.9,1,40,0,0,0,99999825,NYy3emtCpWwqMEhU
4,0,13,53.65,47.55,36,47.7,1058.153588,0,3,12,0,4,5,0.05,500,187.180109,71.03333333,0,72.01666667,1,33,0,0,0,89950168,8RnBGhwptxlkyOTA
1,0,5,53.1,69.9,14.58,24.8,0,1,0,0,0,4,2,40,0,13254.54515,3.333333333,6.75,0,1,28,0,0,0,90063345,qvTF24te06PazXsc
4,0,87,112.48,107.45,168.46,162.9,1024,0,1,24,0,4,1,300,0,1289.760187,30.8,0,30.8,2,39,0,0,0,89950167,tkwYCuE2vlLibKHj
1,0,13,68,81.5,86.4,88.5,1024,1,0,0,0,4,1,100,0,5447.135932,399,0,420.9833333,1,30,0,0,0,90155946,kUzc3MAYdQTsnh6f
4,0,21,79.86,118,118,118.1,1369.832989,0,12,20,0,4,3,1160,3072,1371.817268,9.6,0,9.6,0,28,0,0,0,99999826,5GOZBFN0vtTsqRUp
4,0,90,136,136.1,136,136.1,1480.703969,0,1,24,0,4,1,200,0,1480.679614,56,0,75.2,2,34,0,0,0,99999828,jKQMJ7n0pufoOedr
4,0,83,115.9,116.8,130.9,140,0,0,3,12,1,4,1,100,0,46336.37761,138.2833333,0,240.25,1,27,1,1,0,99999828,3n2fvWbE7F0gCyVo
1,0,12,44.1,33,31.4,45.2,0,1,0,0,0,4,1,50,0,0,0,4.883333333,0,1,21,0,0,0,90063345,yqRYBblTJ0mtCEep
1,0,5,32.4,33.13,16.04,24.35,0,1,0,0,0,4,1,30,0,1181.748312,1.433333333,17.41666667,0,2,29,0,0,0,90063345,mDqteVGMBd6WAvsg
4,0,57,116,82.44,56,56.47,8512.895071,0,3,12,0,4,1,100,0,3558.551764,1.1,0,104.6166667,1,29,0,0,0,89950166,cAYO9HyftG2KVbCS
4,0,36,296,296,296,296.1,84.16678905,0,1,36,0,4,1,163,4096,84.166789,31.18333333,0,31.18333333,0,0,0,0,0,99999825,agA7q31DctfiMmQX
1,0,17,61.3,77.8,64.3,68.3,0,1,0,0,0,4,1,50,0,414.688589,1.25,17.85,0,2,18,0,0,0,90063345,kqETgnhp9QrPBVCs
4,0,54,146,101.75,86.1,86,1660.087365,0,3,12,0,4,2,290,116.9052839,0,0,0,192.55,1,34,0,0,0,89950167,ZbcWuYrdM9eTiD8o
4,0,30,280,110,100.1,100.1,4113.004699,0,9,12,1,4,1,100,800,0,0,0,22.06666667,1,19,0,0,0,89950166,9nihPWdGRlONyYw1
1,0,8,73.6,73.9,47.7,49.6,0,1,0,0,0,4,2,80,0,0,0,7.083333333,0.8,1,25,0,0,0,90063345,IvTpoKnY1eX7BSGM
1,0,15,58.3,76.4,56.5,66.4,0,1,0,0,0,4,2,60,0,7072.768291,0.583333333,45.96666667,0,1,20,0,0,0,90063345,OfJ2UFsc5ePvSbMn
4,0,36,182,197,197.04,258.8,4506.084269,0,12,18,0,4,2,200,11264,3452.363625,19.48333333,0,30.8,2,27,0,0,0,99999826,Os2EMFl6xzeTwPk4
1,0,13,89.6,76.4,78.5,93,0,1,0,0,0,4,1,100,0,33893.65351,21.53333333,149.6666667,0,1,26,0,0,0,90063345,HQYdvXZxVP1T3pNG
4,0,72,89.49,96.35,76.1,89.25,1805.389431,0,9,12,0,4,1,0.05,0,1808.523547,317.6333333,52.98333333,294.9666667,1,31,0,0,0,89950166,qEa7NWGjC8ymxXfB
1,0,5,40.5,16.72,21.05,21.7,500,1,0,0,0,4,4,41,0,13001.4903,1.033333333,8.666666667,0,1,22,0,0,0,90063345,KVFokRP0Db9s5Gn3
1,0,7,89.7,111.4,102.3,90,0,1,0,0,0,4,2,100,0,38945.24143,57.06666667,0,95.76666667,1,20,0,0,0,90155946,jObAcgL3aV8oxtuW
4,0,63,103.35,162.4,60.8,56,773.8018951,0,0,0,0,4,1,100,0,0,0,149.6666667,317.0666667,2,28,0,0,0,89950166,otPfkc2s4AKjp3N9
4,0,183,56,116,76,76,236.1737766,0,3,12,0,4,1,100,0,237.940158,28.56666667,0,28.56666667,1,64,1,1,0,89950166,jaCHtAmFEfQowKsd
4,0,43,135.95,167.75,135.95,160.75,3218.862044,0,9,12,0,4,1,0.05,505.6383333,2983.545089,240.5333333,0,383.85,1,35,0,0,0,99999828,ilyCuYXRbg47dQB3
1,0,4,28.26,11,21.1,19.89,0,1,0,0,0,4,1,0.25,0,3593.660374,0,0,0,2,33,0,0,0,90063345,xJvF9agORdkhcS1p
1,0,9,38.2,41.7,32.2,37.4,0,1,0,0,0,4,3,30,0,4050.941458,15.55,17.23333333,0,2,17,0,0,0,90063345,YJmO6WZ4Kg5qXQIV
1,0,11,61.9,56.7,50,55.9,0,1,0,0,0,4,2,60,0,12999.89154,8.033333333,108.3833333,0,2,29,0,0,0,90063345,6qKbNmlexEIWSs3r
1,0,16,76.8,91.9,53.7,78.4,0,1,0,0,0,4,2,100,0,44315.1643,33.83333333,121.9,0,2,21,0,0,0,90063345,6vXhADCpGnsmlK0Z
1,0,18,30,42.3,42,46.3,0,1,0,0,0,4,1,30,0,0,0,4.933333333,68.05,1,35,1,1,0,90063345,Z4NTQ5pX0EcKLvbt
4,0,84,131.03,130.23,130.54,100.1,0,0,12,24,0,4,1,0.07,0,2286.704022,361.0833333,2.8,382.5333333,2,35,2,1,0,99999827,Mspi1ZtzgBIvoa45
1,0,5,61.2,68.9,27.77,35,0,1,0,0,0,4,1,50,0,11118.1094,29.86666667,61,0,1,54,0,0,0,90063345,nspembw9JStB7ji2
1,0,7,58.6,65.8,67.9,65.6,500,1,0,0,0,4,2,60,0,1602.355587,5.15,123.95,0,1,29,0,0,0,90063345,EaylUoqsLGCY48fZ
1,0,13,103.5,72.2,151.8,155.9,7.116223335,0,0,0,0,4,1,100,2048,7.345991,3.083333333,675.65,63.9,2,57,0,0,0,90109916,gkS0EHqQLG7jnraA
1,0,14,49.2,60.1,50.4,54.7,0,1,0,0,0,4,2,20,0,27944.05686,16.28333333,0,23.56666667,1,22,0,0,0,90063345,TChWrubBieOQRL7S
4,0,29,106,105.95,106,182.95,1207.043047,0,1,24,0,4,3,200,1024,0,0,0,160.9833333,1,44,0,0,0,89950167,8Wd9zEKjPBUv5ZbO
4,0,46,70,84.1,55.15,75.4,407.2303152,0,12,36,0,4,3,200,800,0,0,134.5,158.1833333,1,48,0,0,0,89950166,UEzMsNcBQmeqKkTG
4,0,27,56,56,36,36,0,0,0,0,0,4,3,128,500,0,4.333333333,0,7.55,1,50,0,0,0,89950168,6dtEeVuZnCOJPor7
4,0,14,105.98,106,106,135,0,0,1,24,0,3,2,0.02,0,0,0,0,0,1,24,0,0,0,89950167,HWbja3S96woz1QOr
1,0,9,29.4,67.2,47.6,49.2,0,1,0,0,0,4,1,20,0,563.211488,3.8,12.76666667,0,2,24,0,0,0,90063345,NVYBfoQ4ryR1PsGu
4,0,10,195.92,199.18,196,196,0,0,1,24,0,4,3,300.08,0,1424.877805,0,0,2.683333333,0,0,0,0,0,99999826,LGd7P0CH4JgE5teV
4,0,131,306.05,263.25,206.25,433.55,5509.172784,0,9,12,0,4,1,0.05,1038.372283,3151.766301,274.9333333,0,628.1333333,1,44,0,0,0,99999826,dVMq9DKgiYQTUseS
4,0,31,84,84.1,84,84,263.4114122,0,0,0,0,4,3,110,800,266.491159,101.9,0,110.6333333,1,38,0,0,0,99999830,5x3tClioPAMOaK6R
4,0,61,136,136,121.94,146,9040.484822,1,1,24,0,4,1,100,0,9040.487132,18.53333333,0,153.1666667,1,29,0,0,0,89950167,yf8YUmo4qraJiKNZ
4,0,134,77.1,77.54,77,77.3,601.3296623,0,1,24,0,4,1,200,0,0,0,0,138.7,1,53,0,0,0,89950166,35sYgqTQ7bep9MOU
4,0,51,425.97,493.83,485.93,466.27,5295.600567,1,1,30,0,4,2,493.83,0,2563.61935,2.416666667,0,229.35,0,0,0,0,0,99999828,RY2QUXFhk0ets7zV
4,0,90,237.8,237.88,226,406.1,1118.663213,0,1,30,0,4,1,0.08,2262.994678,961.453915,49.85,10.16666667,328.6333333,0,0,0,0,0,99999826,ERyF9vNhCz4jLuAp
1,0,4,44.12,14.34,21.1,14.56,0,1,0,0,0,4,1,30,0,21784.30247,2.45,32.51666667,0,1,29,0,0,0,90063345,j0pxSlZhYNQJ678U
1,0,9,52.4,76.1,104.7,80,0,1,0,0,0,4,2,60,0,18188.93215,13.06666667,20.93333333,0,1,27,0,0,0,90063345,8Hhn0pJw2KUfviLN
1,0,8,48.8,60.7,57.9,49.3,0,1,0,0,0,4,3,70,0,3739.092869,0.833333333,16.46666667,0,2,19,0,0,0,90063345,ZmzG6E2ShnifNkoV
4,0,106,86.5,88.9,88.75,95.5,0,0,1,24,0,4,2,150,800,0,121.9833333,52.26666667,158.0333333,1,50,0,0,0,89950166,rF4SknNxh0RJL8Hv
4,0,57,97.2,135.91,252.59,173.6,3535.970081,1,9,12,0,4,2,200,0,3092.013024,34.4,4.683333333,146.0833333,1,25,0,0,0,89950166,z7PLHgbQq5GpaOhM
1,0,7,55.3,50.8,37.6,70.5,0,1,0,0,0,4,1,30,0,19279.82057,2.416666667,33.55,0,2,21,0,0,0,90063345,Nf6baBCtqZkJXhKj
1,0,5,52.4,24.64,24.85,22,0,1,0,0,0,4,1,100,0,5810.480609,0.316666667,4.816666667,0,1,23,0,0,0,90063345,EDzkq4iGrfPOM8dy
1,0,10,36.6,42.7,26.7,19,0,1,0,0,0,4,1,30,0,0,0,8.3,2.65,2,28,0,0,0,90063345,vZD6Sjx3LUNEVa1d
4,0,57,115.46,5,20,140,1024,0,0,0,0,4,1,30,0,0,0,0,1.933333333,1,27,1,1,10100,89950167,i5UV7Ck4jFYNDQyu
1,0,13,60,83.5,54,58.9,1024,1,0,0,0,4,1,30,0,38752.88299,7.416666667,29.58333333,0,1,20,0,0,0,90063345,5YwgMWReJjhNc6vL
4,0,60,110.53,115.25,123.9,113.75,4427.203166,0,12,17,1,4,7,300.33,0,9701.327277,139.8333333,9.283333333,132.9333333,2,24,1,1,0,99999827,lHCA0vxBhL7aEUoG
1,0,6,30.26,7.37,10.85,11.35,0,1,0,0,0,4,1,50,0,8907.830864,0,0,0,1,19,0,0,0,90063345,auCHsRlkyx6i8bUV
1,0,13,36.2,60.4,37.5,43.2,2964.460651,0,0,0,0,4,1,30,0,3436.674327,120.9333333,0,169.3333333,2,25,0,0,0,90109916,RgfWr1Pp6O7UKAti
1,0,10,45.1,48.6,34.9,54.4,0,1,0,0,0,4,1,50,0,4730.903239,0.483333333,0,0.483333333,1,26,0,0,0,90063345,jBo24f1lcixSVz63
1,0,8,36.2,36,39,36.2,2723.64971,0,0,0,0,4,1,30,830.963419,0,0,0,5.866666667,1,22,0,0,0,90109916,4WlbRPJYAnSUgoGu
1,0,12,146.1,92.6,91.8,238.5,0,1,0,0,0,4,2,200,0,0,0,0,99.71666667,1,25,2,1,0,90155946,5jAmVNdErngY4cBR
1,0,11,19,36.3,22.4,20.5,214.784297,1,0,0,0,4,1,50,0,0,0,0,0,1,41,0,0,0,90063345,YdwnbLS8t7gizpWI
4,0,21,56.1,56,56,56,563.236578,0,3,12,0,4,2,50,573.4317675,563.236578,9.616666667,0,14.01666667,1,55,0,0,0,89950166,H4SB8ejN9Vwlp12y
4,0,56,288.65,225.2,193.95,207.4,3483.407724,0,3,12,0,4,4,500,132.3043318,2498.71173,176.55,20,363.0333333,1,44,0,0,0,99999828,OSpxvMD1ZzPfl7U0
4,0,9,16,16,16,36,0,0,3,12,0,4,2,20,500,0,0,0,14.4,2,32,0,0,0,89950168,sSCWHGMvxQo8P5b1
4,0,6,95,95.1,95,135,368.5594587,0,1,24,0,4,1,95,0,0,0,0,146.85,0,0,0,0,0,99999828,ncDkYdxJNoiTp2AH
1,0,7,79.3,40.1,52.3,41.7,0,1,0,0,0,4,5,120,0,0,0,54.45,0,1,25,0,0,0,90063345,3M7CD2v1qNWuAeFs
4,0,10,106,116,109.78,136,772.7373333,0,3,12,0,4,2,80,0,753.9737,0.916666667,0,59.25,2,21,0,0,0,89950167,SnTZY82yXpLFKVlD
4,0,235,231.85,251.9,203.4,265.15,3527.738057,0,1,36,0,4,2,0.05,302.36936,3060.614566,345.1833333,79.4,356.1833333,1,59,0,0,0,99999826,csyCZ3MJbtrYPj95
1,0,4,36,36,1.7,0,3358.230517,0,0,0,0,4,1,20,1871.620655,3442.349972,0.383333333,0,0.85,1,33,0,0,0,90109916,s1Vz57gSn8v0qjR4
1,0,18,82.2,70.7,64.2,70.9,1024,1,0,0,0,4,1,20,0,51443.29169,0.533333333,91.76666667,0,1,23,0,0,0,90063345,oCqdTtsZYfJH7jmy
1,0,13,62.9,58.1,55.1,91.6,0,1,0,0,0,4,2,100,0,40839.65647,73.91666667,89.81666667,0,1,26,0,0,0,90063345,0gpjL5Nos9DQHmkB
1,0,5,83.9,56.4,42.9,64.7,0,1,0,0,0,4,1,10,0,1821.297692,23.08333333,293.75,0,2,23,0,0,0,90063345,yZEc2WV5uDiRfT7Y
4,0,7,69,69,69,69.1,108.0931673,0,12,8,0,4,2,160,1024,108.093167,0,0,0,2,68,0,0,0,89950167,BYLX6Kk25DpcOUNE
1,0,16,40.3,29.6,28.6,19,0,1,0,0,0,4,1,30,0,2536.992024,1.166666667,1.166666667,0,1,22,0,0,0,90063345,6hOeIWCgQsUAxF30
4,0,85,136,136.1,135.98,157.1,176.0810995,0,9,12,0,3,1,300,1024,176.0836,56.83333333,0,75.88333333,1,38,0,0,0,99999828,3VECTdrUe9yGbv04
1,0,8,64.9,63.1,55.6,50.7,0,1,0,0,0,4,2,50,0,17695.22348,0,0,0,1,55,0,0,0,90063345,4qF6e19rdsbwAalK
4,0,69,85.22,88.79,56,56,1200,0,3,12,0,4,2,110,0,109.465057,0,55.31666667,156.0333333,2,24,0,0,0,89950166,RwqmQrJgoGle2vap
4,0,104,182.06,140,156,152.35,2181.389202,0,1,36,1,4,2,10,386.4730549,1628.919988,32.25,8.416666667,279.8666667,1,39,1,1,0,99999828,GWVb6JxflmHk23eF
1,0,8,81.1,56.6,37.9,51.31,0,1,0,0,0,4,6,80,0,16628.51336,35.56666667,215,0,1,21,0,0,0,90063345,nz0g8THeqdcZKIwy
4,0,34,41.1,36,36,41.65,711.9741011,0,3,12,0,4,2,30,500,297.146885,80.7,32.48333333,78.65,1,41,0,0,0,89950168,RgpwqrVLEIKdPyeX
4,0,29,91.1,101.95,145.8,108.55,407.0027294,0,0,0,0,4,3,200.05,595.151679,400.50594,149.1333333,75.65,161.0666667,1,40,1,2,8190,99999830,bmBenGqr9HNRT3sx
4,0,20,141,141,141,201,1361.593174,0,0,0,0,4,1,141,1024,0,0,0,208.25,0,0,0,0,0,99999828,BuKFsdaz1EeDVolZ
4,0,52,171,111,120.9,211.05,0,0,1,24,0,4,3,200,0,1975.340611,6.6,0,159.3333333,1,25,0,0,0,89950167,bt6RDFBJUWSGKseP
4,0,111,127,106,106,106,2977.301294,0,1,24,0,4,4,220,126.8548832,696.59592,11.66666667,0,162.4,1,26,0,0,0,89950167,Ij1CPo0AYuq4cWyZ
1,0,13,49.6,64,36.1,26.4,0,1,0,0,0,4,1,30,0,6285.412157,13.55,26.73333333,13.55,2,27,0,0,0,90063345,MpzYseSLWuA3G0NO
4,0,134,123.25,130.55,110.3,113.65,0,0,1,24,0,4,2,130,0,935.67541,170.85,82.51666667,221.2666667,1,42,1,1,0,89950167,UhD83S9xQARCe0sl
1,0,5,37.4,71,23.19,24.56,0,1,0,0,0,4,1,20,0,1346.395396,1.733333333,3.75,0,1,31,0,0,0,90063345,F2sLUuD8SOTni5cy
4,0,12,36,36,36,36,0.006108284,0,3,12,0,2,2,114.2,500,0.006108,11.81666667,0,11.81666667,1,62,1,1,0,89950168,C8DVqiafz0Qe6nEt
1,0,9,47.4,71.6,83.4,64.4,0,1,0,0,0,4,1,50,0,6635.183161,34.66666667,90.5,0,1,18,0,0,0,90063345,dpHLYRXPJhv1nObz
4,0,19,77.9,82.3,75.96,82.5,805.7065201,0,0,0,0,4,2,80,0,805.712645,9.75,0,10.48333333,2,24,0,0,0,89950166,9L1AwSURHnk0QgIy
4,0,57,321.73,294.05,351.56,322.25,4156.477111,1,1,36,0,4,4,400.07,0,0,0,219.65,397.8833333,2,29,0,0,0,99999826,6ufIh0sXCv3PMU82
4,0,76,144.4,160.7,137.3,193.6,314.2997122,0,0,0,0,3,2,250,940.2309933,297.509405,263.7666667,0,265.6,1,41,0,0,0,99999828,t3HDhCLoEbcvsgBG
1,0,12,74.3,58.2,37.1,51.2,0,1,0,0,0,4,2,100,0,0,0,258.2,0,1,23,0,0,0,90063345,4B0r2NhbC7EjguAK
4,0,94,96.44,86.86,85,106.63,800.9999971,0,1,36,0,4,1,100,0,938.257168,11.36666667,0,11.36666667,1,35,0,0,0,89950166,6bOMIra9eRvBqJY4
1,0,7,107.6,69.7,77.2,68.5,8258.00227,1,0,0,0,4,4,130,0,8056.897916,110.35,37.63333333,88.35,1,22,0,0,0,90109916,rtVNBfc953X2bsE8
1,0,17,51.4,58.2,42.9,53.7,0,1,0,0,0,4,2,40,0,2520.915342,2.766666667,26.4,1.033333333,2,21,0,0,0,90063345,2k3AIp4DbNlE5izR
1,0,7,61.9,74.8,24.1,64.1,0,1,0,0,0,4,2,130,0,20215.95983,0.483333333,54.2,0,2,43,0,0,0,90063345,W2k57aJZoYAysQOt
4,0,97,136,194.9,196,136.1,1021.733981,0,0,0,0,4,1,300,0,1021.926655,30.15,0,139.15,1,30,0,0,0,99999828,16ztfZ9lXcpkQnTL
4,0,94,210.93,111.27,141.1,111,2443.060469,1,3,12,0,4,3,200.07,0,2357.521831,78.65,0,160.1333333,1,33,1,2,0,99999828,qpXPSkahTJ4QnKCO
1,0,18,59.8,61.7,55.7,61.2,1524,1,0,0,0,4,1,50,0,25244.86691,3.916666667,147.35,0,1,22,0,0,0,90063345,LPdyxMrDVoa4K5cC
1,0,18,51.1,57.2,34.6,45.5,0,1,0,0,0,4,1,30,0,12628.94959,0.216666667,0.216666667,0,1,20,0,0,0,90063345,pBUMdi2P8NhTYcj3
1,0,4,136.3,94.9,38.7,0,12356.96829,1,0,0,0,4,4,130,0,13386.70811,8.183333333,0,68.25,1,18,0,0,0,90109916,5aNKrc6jFdfZvqus
4,0,134,84.62,240.48,209.02,80,0,0,1,24,1,4,10,1000,800,0,0,2.383333333,0,1,60,0,0,0,89950166,Qew6MoZPA9rcCyqV
4,0,14,118,118,148.1,128,2366.558251,0,12,18,0,4,3,150,2031.343514,1399.354186,2.616666667,0,141.0166667,1,18,0,0,0,99999826,DCyNAVMofKQPOnjR
4,0,93,101,221.1,101.2,116.6,3779.37793,0,3,12,1,4,2,100,0,3779.077191,179.95,0,315.6,1,48,0,0,0,99999828,l0y6itXB9MvsSn24
1,0,6,71.3,92.9,54.4,90.5,0,1,0,0,0,4,3,70,0,3684.19976,20.7,146.2833333,0,1,23,0,0,0,90063345,srCDuzMnbA5gkiqf
1,0,11,79.6,138.4,51,85.4,0,1,0,0,0,4,2,60,0,38546.74385,9.9,14.2,0,1,27,0,0,0,90063345,NCaUl48ndqXwjTxm
4,0,11,76,76,76,80.32,1397.923043,0,3,12,0,4,2,100,800,1172.772098,0,0,0,2,51,0,0,0,89950166,L9WQJTN4Fw2oXKA5
1,0,18,42,73.5,61.9,38.4,0,1,0,0,0,4,1,20,0,41855.08343,11.86666667,11.86666667,0,2,22,0,0,0,90063345,3dyNnkUBeVaQAToY
4,0,45,196,170.6,190.6,226,2147.857206,1,0,0,0,4,1,200,0,28.774539,20.31666667,0,82.6,1,22,0,0,0,99999827,tCa9jkIfPsME0STV
4,0,75,176.2,165.95,202.9,144.65,1835.107157,1,9,12,0,4,3,230,0,134.821799,25.96666667,46.26666667,356.7,1,27,0,0,0,89950167,evby5nG98acsOt2T
1,0,7,37.7,34.8,4.32,15.95,0,1,0,0,0,4,1,30,0,16374.86118,1.9,1.9,0,1,35,0,0,0,90063345,m1vyip50MTeS4IZq
1,0,5,9.13,25.44,9.5,9.5,0,0,0,0,0,4,2,40,0,0,0,0,0,1,22,0,0,0,90063345,unVD7lyKUafvidrM
4,0,23,76,76,76,76.1,510.629982,0,1,24,0,4,1,100,755.1507559,18.653368,21.26666667,0,139.6166667,2,32,0,0,0,89950166,fNiUK8OBCLFEISAk
4,0,55,16.1,16,16,36,530.6115227,0,3,12,0,4,1,20,244.4881907,469.380879,20.06666667,0,26.6,2,65,0,0,0,89950168,fmOphvj2Tq3Uw8lD
1,0,14,84.9,97.3,73.7,103.6,0,1,0,0,0,4,3,110,0,0,0,14.36666667,0,1,23,0,0,0,90063345,9MpGuVUq5R2EOXFs
4,0,65,219.55,136.1,129.6,127.1,3744.515471,0,3,12,0,4,1,30,800,2764.469807,66.15,6.583333333,81.78333333,1,35,0,0,0,89950166,sQEeLrnfCZlwjTGx
1,0,16,36.2,57,36.1,36.4,1843.679237,0,0,0,0,4,1,50,0,361.80493,0,0,67,1,21,0,0,0,90109916,AsYlDr8ZFH6eEqM7
1,0,13,57.5,76.8,44.7,61.7,0,1,0,0,0,4,1,100,0,25335.36937,15.08333333,62.55,2057.25,1,27,0,0,0,90063345,7OhMjVAKimvk8Spe
1,0,4,44.82,21.44,21,7.56,0,1,0,0,0,4,1,30,0,13135.30376,70.13333333,43.2,40.31666667,1,22,0,0,0,90063345,fNpbvh3EPljFGTxA
4,0,19,205.9,196,226.1,285.1,8179.027091,0,1,24,1,4,1,5,3072,8176.745615,18.31666667,0,22.65,1,28,0,0,0,99999826,mAPOIbxq4Z7WUsNi
4,0,31,94.97,118.4,95,95,1224.98173,0,1,24,0,4,1,0.03,0,1225.276826,10.13333333,0,47.38333333,0,0,0,0,0,89950167,LNMTbDk0FYeicKoZ
1,0,12,40.2,48.6,45.1,47.1,0,1,0,0,0,4,2,40,0,12382.73889,23.1,39.25,0,1,40,0,0,0,90063345,MQOfVGYvdWacJLmi
4,0,62,240,429.94,471.66,333.8,4325.14274,0,9,12,0,4,1,10,6144,2859.655096,11.43333333,0,77.6,2,23,0,0,0,99999828,nNlVv7Wmc2hQoE1Y
4,0,9,147,147,147.1,147.1,1952.705835,0,3,12,0,4,1,147,4096,1541.801252,255.0833333,0,438.9833333,0,0,0,0,0,99999825,eiTRd2y3k54WcHDg
4,0,23,56,56.1,126.2,92.9,678.6104221,0,3,12,0,4,1,50,411.4116249,250.400485,24.48333333,0,48.53333333,1,21,0,0,0,89950166,jyCtuP1e4kwxVgzf
1,0,14,40.9,40.9,36.3,52.4,1024,1,0,0,0,4,1,50,0,0,0,0.833333333,0,1,25,0,0,0,90063345,ZAzxKGsXr27iQfYN
1,0,4,46,42.2,21.83,0,0,1,0,0,0,4,1,30,0,12348.79677,39.81666667,61.11666667,0,2,34,0,0,0,90063345,dyJTwQ25jKpSGPZ9
1,0,8,93.2,93.8,76.4,141.1,0,1,0,0,0,4,2,100,0,7955.351633,76.51666667,226.7166667,15.3,1,24,0,0,0,90063345,2rHpvzBiJkaEuT8M
4,0,68,132.89,166.98,129.08,146.3,2448.279491,1,3,12,0,4,4,250.06,0,0,0,0,105.9833333,2,25,0,0,0,89950166,pQCdwhiDaj7O9gSJ
4,0,79,192,192.04,487.06,362,2890.063172,0,1,36,1,4,2,100,2048,2589.786281,65.95,0,97.41666667,2,36,0,0,0,99999827,hlSjGvERpsg8uc5b
1,0,10,36.7,36.1,36.1,40.6,2101.315499,0,0,0,0,4,1,50,2048,1945.712643,51.45,0,118.5333333,1,30,0,0,0,90109916,yx7fuOWjzR9I12ZV
4,0,65,220,220,340,290.3,2572.196581,0,0,0,0,4,1,200,1397.988048,2668.39558,198.4833333,0,234.8333333,1,34,0,0,0,99999826,0Rip1INszcSmwE4g
4,0,9,36,36,36,36,0.273283005,0,3,12,0,2,1,50,500,0.273283,0,0,0,1,39,1,4,0,89950168,q7kWoSr3j6UzQEgK
4,0,32,56,56,56,65.16,2811.822795,0,3,12,1,4,2,50,500,2815.720082,3.75,0,4.6,1,23,0,0,0,89950168,Ae4N915zUn6ywhXk
4,0,13,62,62,82.1,62.2,780.7284536,0,3,12,0,4,3,100,201.2186565,780.806257,8.916666667,0,154.4333333,2,25,0,0,0,89950166,uTyBPlO73WgDfo9S
1,0,12,55,94.2,57.8,76.8,0,1,0,0,0,4,1,30,0,533.851503,10.68333333,75.05,30.81666667,2,19,0,0,0,90063345,r4uz3ONMVXofL8ED
1,0,17,64.5,71.8,54.1,54.1,0,1,0,0,0,4,2,60,0,3615.69318,50.1,55.58333333,0,1,27,0,0,0,90063345,jUqRc5xSOtPG8BZT
1,0,5,68,63.5,20.4,13.8,0,1,0,0,0,4,6,70,0,0,0,13.9,0,1,17,0,0,0,90063345,MIsvlJK52njuL3Wr
1,0,11,61.4,48,49.3,47.5,0,1,0,0,0,4,2,60,0,4729.78867,215.9333333,222.4333333,0,2,21,0,0,0,90063345,qPiT2XYFucZ8NKgz
1,0,7,42.6,34.39,14.41,9.6,0,1,0,0,0,4,1,30,0,4386.224206,11.11666667,30.83333333,0,1,24,0,0,0,90063345,vbjc1etdNCXgEh50
1,0,8,43,41.8,41.8,43.2,0,1,0,0,0,4,1,50,0,2207.377131,0.833333333,7.033333333,0,2,26,0,0,0,90063345,31D8yGpWnmzYKqM2
4,0,234,56,56,56,56.2,12.03587818,0,3,12,0,2,1,46,800,12.035878,15.11666667,0,15.11666667,2,56,0,0,0,89950166,Of7XVvH90qxpEMY3
4,0,84,149.3,216,136.1,249.7,0,0,1,36,0,4,2,150,0,6.134669,8.716666667,68.41666667,275.7333333,1,33,0,0,0,99999828,hTSQKFoyi83gXldY
1,0,10,50.3,53,45.7,50.7,0,1,0,0,0,4,1,50,0,17196.59701,3.616666667,3.616666667,0,2,22,0,0,0,90063345,bVDE5ysa2XmUFpO6
1,0,9,38.5,33.8,35.7,42.6,0,1,0,0,0,4,1,50,0,1626.170424,1.1,0,1.1,1,29,0,0,0,90063345,cEDtgXHs8iRafokr
1,0,12,36.3,36.7,39,46.4,3636.04484,0,0,0,0,4,1,50,541.5433493,4256.402106,21.61666667,0,44.13333333,2,31,0,0,0,90109916,TvI2Fe0wElXD8pVm
1,0,11,26.1,31.9,33.5,39.9,0,1,0,0,0,4,1,100,0,1744.480308,28.86666667,2.633333333,28.86666667,2,32,0,0,0,90063345,WrIfcXHOm1LQ57B2
1,0,10,100.3,101.1,103.9,107.1,0,1,0,0,0,4,1,50,0,10820.4047,37.81666667,12.36666667,429,1,42,0,0,0,90155946,s273CBfTIUiVby5K
4,0,37,148,207.99,156.91,218.1,2880.030784,0,12,20,0,4,1,100,0,0,0,0,112.3,2,34,0,0,0,99999826,MRrCxn8w4lYTmqFQ
4,0,13,76,159.5,184.39,86,773.897212,0,3,12,0,4,1,50,0,0,0,0,2.6,2,35,0,0,0,89950166,ayI7DFx8XA6jgduE
1,0,13,56.6,67.5,81.4,73.4,0,1,0,0,0,4,1,50,0,24503.33508,10.78333333,18.56666667,0,1,38,0,0,0,90063345,Z3UlxqWEb6cPuw4v
1,0,16,91.1,114.2,101,114.5,4083.687879,1,0,0,0,4,1,50,0,2740.830099,17.76666667,0,31.05,1,25,0,0,0,90109916,WolHq7egIObRNCv0
4,0,95,452.41,269.14,190.6,190,4872.020164,0,1,24,0,4,5,520,0,5819.492614,77.21666667,0,120.35,0,0,0,0,0,89950167,nmjAG0317i2LQoRO
4,0,76,263.86,100,100,100,338.8954325,0,3,12,1,4,5,350,0,339.132625,12.15,0,91.31666667,2,31,0,0,0,89950167,h1efnpagAdwT3EW2
1,0,9,48.8,46.5,50.6,38.8,0,1,0,0,0,4,1,30,0,8983.810539,0,0,0,1,30,0,0,0,90063345,d5xLW3nO81S7jQJA
1,0,13,31.5,52.8,61.9,44.1,0,1,0,0,0,4,1,100,0,5.122966,0,0,0,1,27,0,0,0,90063345,vb7iJEdrpfuBhYq1
1,0,13,36,40.2,48.1,43,990.8480377,0,0,0,0,4,1,100,2048,1025.075261,98,0,102,1,36,0,0,0,90109916,9r4ZhNGq5EL1XQ8x
4,0,46,296,381,316,320.92,6.304386139,0,0,0,0,4,1,381,4096,0.133154,0,0,0,0,28,0,0,0,99999825,MFz5h41BbjHJUWyZ
4,0,57,81,86.1,86,63,963.1956758,0,1,36,0,4,1,5,576.9811087,265.67203,0,0,11.41666667,1,30,1,3,0,89950166,AwNC1sbkGSxiHrK0
4,0,145,36,36,36,36,359.2795286,0,3,12,0,4,2,36,500,267.823037,16.76666667,0,16.91666667,2,57,1,1,0,89950168,QUiDOwj1W73zZLJ6
4,0,59,137.2,77,137.2,77,1309.47047,0,1,24,0,4,1,50,523.3747845,148.625374,8.783333333,0,94.56666667,1,43,0,0,0,89950166,6KovTRiVCp2tcmNl
1,0,5,127.8,117.8,38.46,29.35,0,1,0,0,0,4,1,100,0,12086.01978,0.633333333,16.83333333,7.65,1,27,0,0,0,90063345,ejQ60WIGiyADwS2n
1,0,12,60.9,47.3,53.6,63.6,955.0426884,1,0,0,0,4,3,60,1024,44222.40979,0,0,0,1,25,1,1,1500,90063345,5R47unB3hPwOpI1W
4,0,90,201.75,249.85,199,259,0,0,1,24,0,4,1,0.05,0,2940.598302,288.85,15.5,409.9166667,2,39,0,0,0,99999826,aW2Jf7yH1IeQToDv
4,0,49,275,274.92,312.2,418.68,800.7383852,0,1,30,0,4,1,275,4096,800.935314,101.25,0,141.1166667,0,0,0,0,0,99999825,FdEtcvj8OuLi6NIV
4,0,9,121.4,121,121,106,1147.212427,0,3,12,1,4,2,100,216.7167854,955.801691,119.1833333,0,196.7166667,2,50,0,0,0,89950167,XifRz3JaYpZEG6hF
1,0,18,85.7,90.3,58.5,51.8,0,1,0,0,0,4,5,90,0,0,0,108.9333333,0,1,27,0,0,0,90063345,izur5wWZ2VSjT4Op
4,0,42,136,136,136.1,106,305.7675858,0,9,12,0,4,2,120,1024,306.315183,10.2,0,25.95,1,30,0,0,0,89950167,u0JM23WY4NqzxrDy
4,0,175,78.47,56,56.1,56,994.7929535,0,3,12,0,4,2,50,800,521.31261,48.36666667,0,57.61666667,2,63,1,2,2000,89950166,a21UdWAl3eyqvmjB
1,0,13,50.4,72.2,68.2,55.7,0,1,0,0,0,4,1,50,0,1932.298969,0,0,332.4833333,1,21,0,0,0,90063345,XJ0WzK6UxSCNH3tj
4,0,63,465.34,410.55,733.6,902.07,5047.226196,1,0,0,0,4,1,0.07,2867.919074,4040.916377,58.38333333,100.7,118.5333333,1,0,0,0,0,99999825,6vFCiZpTHIxqWh8S
1,0,5,45.1,31.4,24.06,24.42,0,1,0,0,0,4,2,50,0,10.581364,81.1,223.3333333,88.2,1,31,0,0,0,90063345,0AdeIiSHfQZOzNbp
4,0,217,56,56,56,56,1014.125696,0,3,12,0,4,1,46,800,649.57003,89.63333333,0,90.95,2,44,0,0,0,89950166,8dMOEBmrkjxez5wI
1,0,18,74.7,80,83.7,80.3,0,1,0,0,0,4,1,100,0,2528.918514,0.583333333,0,5.15,1,22,0,0,0,90155946,jc8DWXkNl6nTF0YR
4,1,15,59.24,109.3,56,56,1059.336951,0,3,12,0,4,2,99.3,0,1059.336952,25.73333333,0,25.73333333,2,46,1,1,3000,89950166,817gQx4K6LBmb2Fl
4,0,50,200,200,200,261.1,4353.88235,0,1,36,1,4,3,500,3072,4328.769883,166.9666667,0,213.0666667,1,33,0,0,0,99999826,RLOPQm4bjroVi5s9
4,1,75,106,166,192.3,126.95,957.3015242,0,1,24,0,4,3,500,0,795.93385,30.48333333,0,123.9,1,30,1,2,0,89950167,anE1D4IbSBTVzdfw
4,0,90,106,106,145.9,129.1,3393.635387,0,1,36,0,4,2,200,0,3394.00388,19.75,0,268.65,2,28,1,1,0,89950167,45ZjIgmt79Tpk08s
4,1,89,300,300,300,300,5120,0,1,24,1,4,3,606.1,0,8471.771381,84.43333333,0,173.55,2,38,0,0,0,99999825,Z7aq1PQSzykAp8UG
4,0,68,76,76,170.65,116,1280.465822,0,0,0,0,4,1,100,589.1493349,0,0,0,150.5333333,2,38,1,1,0,89950166,y3ShBH2XfcCGLu6d
1,0,17,86.2,86.6,61.8,54.5,8759.846477,0,0,0,0,4,10,100,0,9314.80523,101.9166667,0,149.7666667,1,30,0,0,0,90109916,4kScy3Qxu1DNaK2o
1,0,9,65.1,79.3,53.7,65.3,0,1,0,0,0,4,1,100,0,0,0,136.1833333,0,2,22,0,0,0,90063345,vB5ZQ4ycfY3XTjzU
1,0,4,47.5,27.99,21.1,23.49,0,1,0,0,0,4,1,30,0,6547.49942,2.366666667,0,2.366666667,1,22,0,0,0,90063345,IDtxrfCZKWAMQHG7
4,0,169,93.25,119.5,81.7,125.2,1707.095657,0,9,12,0,4,1,100,800,1177.961534,75.43333333,78.91666667,123.4166667,1,37,0,0,0,89950166,mi9t4cP05q8AV2Cw
1,0,8,61.1,58.5,65.9,69.5,0,1,0,0,0,4,1,30,0,41030.44394,8.666666667,43.65,0,2,22,0,0,0,90063345,k5JVNsrjLUhQBnRX
1,0,15,72.9,102.4,103.6,58.1,0,1,0,0,0,4,3,70,0,0,0,23.48333333,0,1,26,0,0,0,90063345,I5VJGo1W3aOsFqnP
4,0,29,147.1,193.3,156.9,174.35,1060.273892,1,0,0,0,4,2,200,0,1060.437934,88.81666667,0,301.7166667,1,26,0,0,0,99999828,jIdhWoRqgM4lrzKf
4,0,149,56,56,56,56,538.804348,0,3,12,0,4,1,46,800,538.807305,28.83333333,0,31.13333333,1,56,0,0,0,89950166,Bvb02YJSm9FupZry
4,0,147,307.9,266,106,126,3844.491288,0,1,24,1,4,1,266,0,159.584251,28.16666667,107.6,196.4333333,1,60,0,0,0,89950167,sqTUgnF2MZApozmY
1,0,11,74.9,54.4,34,52.7,0,1,0,0,0,4,1,100,0,27496.85163,16.75,114.8333333,0,2,22,0,0,0,90063345,c087jCvJHGiuWyql
1,0,12,50.7,63.9,63.8,86.7,0,1,0,0,0,4,4,70,0,15539.21659,6.033333333,6.033333333,0,1,18,0,0,0,90063345,lYBnbC6i0gekwQL5
1,0,13,94.9,105.1,102.8,104.1,0,1,0,0,0,4,3,102,0,4005.078951,209.8833333,0,606.2666667,1,50,0,0,0,90155946,V2MdTvU5WzYP9oC6
1,0,12,23.01,19.1,19,23.4,0,0,0,0,0,4,2,30.09,0,0,0,36,0,1,31,0,0,0,90063345,ui6eLc9p1MvkqOfU
1,0,18,62.3,68.3,71.5,79.1,0,1,0,0,0,4,1,50,0,5467.624686,35.6,36.38333333,0,1,20,0,0,0,90063345,WBvgqNJjOFa8CbM2
4,0,102,136.4,149.4,196,149.64,3072,0,7,12,0,4,1,116,0,2426.065291,61.58333333,0,63.95,1,49,0,0,0,99999828,OsZMzmoQHqhNl4VR
4,0,21,82.4,59.55,59,75.1,37.93206692,0,3,12,0,4,2,70,0,0,0,0,290,2,25,0,0,0,89950166,aPqJ0ByQpgWHdDwh
4,0,69,210.65,132.55,118.05,115.7,9585.589523,0,3,12,0,4,7,70,98.30678844,9207.243501,186.1,106.05,151.1833333,2,25,1,3,12000,89950166,CruvfJatxDYpL6cn
1,0,9,104.3,89.4,84.8,89.5,0,1,0,0,0,4,1,100,0,8040.227157,398.9,98.33333333,341.8333333,1,30,1,2,0,90155946,pQoWYlGczebJKNUC
1,0,8,62.6,58.1,27.6,55.6,0,1,0,0,0,4,1,50,0,17178.94032,32.76666667,39.96666667,0,1,28,0,0,0,90063345,gqCE7oROtaMWSk9N
1,0,6,81.1,63.4,63,38.8,0,1,0,0,0,4,2,60,0,18519.19198,4.35,48.2,0,2,34,0,0,0,90063345,x73jZaTM5SrzLPfN
4,0,17,53.9,50,50,76.1,292.9633589,0,12,19,0,4,1,100,800,293.343439,96.8,16.9,138.95,1,46,0,0,0,89950166,l9BbzvVKOLkjw0r7
4,0,36,126.05,161.88,180.07,165.85,4805.038653,0,3,12,1,4,3,327.3,1024,4490.221444,262.1666667,217.7333333,241.4666667,0,28,0,0,0,89950167,GDepHlP0frnMzuVJ
1,0,12,100,69.4,71.9,109.8,5796.413933,1,0,0,0,4,1,100,0,22785.42272,128.5333333,250,0,1,26,0,0,0,90063345,tKMagorxHwAYIfU2
4,0,89,129.9,142.1,142,136,81.17702007,0,1,24,0,4,3,84.1,1024,82.926507,23.21666667,0,23.21666667,1,65,1,2,1810,99999828,fE75NyMIdbY2VkmJ
1,0,18,49.2,48,55.8,112.6,0,1,0,0,0,4,2,60,0,20370.65733,0,0,0,1,18,0,0,0,90063345,sn1q0jexS634goEt
4,0,35,136.1,136,136.05,136.2,8.56367588,0,1,24,0,2,1,100,1024,0.801987,7.133333333,0,115.4,1,48,0,0,0,99999828,OCsEvcPT5iVhxB2D
1,0,6,34.5,45.5,28.7,22.82,0,1,0,0,0,4,1,30,0,529.090884,11.41666667,31.61666667,0,1,39,0,0,0,90063345,s7XygM4LeZVQpR9m
1,0,16,36,36,36,36.1,150.8461504,0,0,0,0,4,1,100,2048,153.114928,0,0,0,1,29,0,0,0,90109916,Zjir6lf0TtRYUEBn
4,0,65,258.5,289.8,254.1,377.3,0,0,1,36,0,4,5,400,0,2750.846045,131.2833333,0,335.6833333,1,35,0,0,0,99999826,DSXHqR1zKGNWy247
1,0,6,25.4,24.4,34.4,48.06,0,1,0,0,0,4,1,20,0,2545.951206,1.233333333,3.866666667,0,1,26,0,0,0,90063345,btrhVW6FoR1M8xK2
4,0,47,81.97,80.95,80,80,3279.579486,0,7,12,1,4,1,0.05,270.3364849,3279.718221,104.9666667,18.35,150.4666667,2,28,0,0,0,89950166,UPyrqMasCGFmzn3i
1,0,12,50.9,53.6,63.2,57.7,0,1,0,0,0,4,2,80,0,8844.873848,6.25,8.733333333,0,2,20,0,0,0,90063345,3TWOz9eKpPa0uDjC
4,1,90,76,76.1,76,76,834.1217365,0,1,24,0,4,2,46.1,800,686.507197,49.78333333,0,119.9,1,47,1,1,0,89950166,cs5Y94DRW8LNFEr3
1,0,12,93.7,107.6,92.3,139.2,3195.304166,1,0,0,0,4,2,100,0,2449.787922,145.7,380.9,82.06666667,1,24,0,0,0,90109916,nLqjyBe3bHI1Dt08
1,0,11,29.83,33.2,25.8,49.3,0,1,0,0,0,4,2,10.5,0,4358.087741,0,0.616666667,0,2,24,0,0,0,90063345,ANfMcTi874P5bFDE
4,0,134,81.06,78.04,60.43,118.32,0,0,0,0,0,4,2,300.06,800,0,0,0,0,2,42,0,0,0,89950166,1KB4I3ZDntWQMujY
4,0,53,203.01,233,203.3,203.1,2135.703988,0,9,12,0,4,1,0.09,3072,4630.647564,56.91666667,0,60.36666667,1,31,1,4,0,99999828,SG78icexWkpLUfP4
4,0,58,296,296,296.1,296,0,0,1,36,0,4,2,500,0,2335.27655,366.8166667,0,547.8833333,1,31,1,1,26640,99999825,0OM5nJDRXx9hI8ve
4,0,14,160,178,228,138.2,4481.476553,1,12,13,0,4,6,310,0,4545.490637,30.3,0,46.05,1,27,0,0,0,89950167,9gY0xPC564wESoWa
1,0,10,53,51.2,46.1,53.7,0,1,0,0,0,4,2,40,0,17996.94602,7.75,21.91666667,38.2,1,25,0,0,0,90063345,6lj3zF71aevyuVhH
1,0,12,45.3,59,50,57.8,0,1,0,0,0,4,2,40,0,0,0,0,0,1,20,0,0,0,90063345,l5Ug2E1NzTbCaoqG
1,0,6,29.5,28.8,27.2,29,0,1,0,0,0,4,1,30,0,0,0,0,0,2,27,0,0,0,90063345,v0S3jFcdqeCp1fsR
1,0,4,78.4,29.77,29.75,18.51,0,1,0,0,0,4,1,30,0,36.010976,22.9,132.8666667,0,1,46,0,0,0,90063345,4gdJ2GMINwxUDqh9
1,0,8,69.4,90.5,77.4,85,0,1,0,0,0,4,1,100,0,33573.53116,70.26666667,134.55,0,2,43,0,0,0,90063345,cJ67bWCptFVMPwNI
4,1,75,222.8,204.7,120.95,225.2,1898.855261,0,0,0,0,4,1,300,0,1688.893408,396.6166667,227.8666667,238.5666667,1,41,0,0,0,89950167,3w0MHckTACJmgfvu
1,0,11,49.9,74.3,60.5,61.7,500,1,0,0,0,4,1,50,0,14576.62017,42.23333333,18.33333333,30.93333333,2,22,0,0,0,90063345,JxmcgGtwDriNuEHS
4,0,54,76,56,56.1,55.97,1740.673981,0,9,12,0,4,1,200,800,462.728298,11.35,0,75.75,1,30,0,0,0,89950166,mIA1XUwzeBDP4g3G
1,0,8,39.3,32.2,19,159.3,0,0,0,0,0,4,2,40,0,0,0,0,0,1,25,0,0,0,90063345,oMCaVcdI9uXi4q13
4,0,4,72.35,80.4,68.5,43.22,0,0,2,12,0,3,1,200,1024,0,129.15,6.533333333,215.4,0,0,0,0,0,99999828,57Wl6vj8rIiAdmun
1,0,4,87.4,55.67,26.1,1.86,0,1,0,0,0,4,1,50,0,0,0,98.06666667,0,1,31,0,0,0,90063345,2gvC1TexzOSFJr5M
1,0,8,62.2,68.9,61.2,54.1,0,1,0,0,0,4,1,100,0,3028.406405,68.85,69.11666667,5.7,1,41,0,0,0,90063345,ZI8PM5R0AFScWsm4
4,0,7,63.75,73.7,66.5,56,970.1059475,0,3,12,0,4,1,0.05,246.822176,970.105947,3.566666667,51.55,167.6,1,47,0,0,0,89950166,XshJ3N8Z1KWA7rBE
1,0,12,36,36.2,36.4,36.3,2296.568457,0,0,0,0,4,1,2,681.6264906,2332.062197,1.85,0,1.85,1,40,0,0,0,90109916,L87oJgBGfUZT6RFN
1,0,8,88.8,98.3,82.4,97,0,1,0,0,0,4,3,70,0,33737.13862,0,0,0,1,37,0,0,0,90063345,W6KbAJoeTzkhXPxN
1,0,13,33.2,44.1,36.9,25.4,100,1,0,0,0,4,1,30,0,3533.462545,2.733333333,0,6.866666667,1,24,0,0,0,90063345,z8SYrKjPg2qyALVM
4,1,81,86.06,92.27,80.7,83.04,1024,0,3,12,0,4,3,200,0,1363.218279,63.05,0,107.4666667,2,37,1,1,0,89950167,vOK2yXg3PRhj7ia5
1,0,10,101.3,93.2,39.1,56.4,0,1,0,0,0,4,4,140,0,7269.816725,308.0833333,358.0666667,33.53333333,1,23,0,0,0,90063345,4hftdCGvEwzjQWYD
4,0,22,90.2,55.95,99.2,97.4,965.1670208,0,0,0,0,3,1,300,193.6691122,965.390489,2.016666667,0,2.016666667,1,41,0,0,0,89950168,jf2q0Jpk4w53GQRH
1,0,6,77.1,112.3,51.8,24.3,0,1,0,0,0,4,2,60,0,0,0,44.35,0,1,26,0,0,0,90063345,0aBPDuSGsdN4eYwz
4,0,118,166,176,176,176,2636.847017,0,1,24,0,4,1,200,2048,0,0,0,13.6,1,29,0,0,0,99999827,xIUDLFJqTb5w17Hu
1,0,53,44,49.4,52,51,0,1,0,0,0,4,1,5,0,0,0,0,38.75,1,33,2,2,4720,90063345,fg4crjvU8MFkIemz
4,0,26,105.95,76.45,76,76,0,0,0,0,0,2,1,0.05,0,0,2.916666667,0,2.916666667,1,41,0,0,0,89950167,vDX5QWUIlEwdLVYJ
4,0,178,85.25,69.85,46,54.7,764.4401798,0,12,23,0,4,2,25.05,715.2859764,770.943993,396.3166667,224.2833333,172.0333333,1,54,0,0,0,89950166,tNIERuToGybKSfg4
1,0,4,50.2,32.39,31.35,13.94,566.4525194,1,0,0,0,4,2,50,0,23298.72228,0,10.4,0,1,21,0,0,0,90063345,nrjMCg89Z0QqKNH3
1,0,7,73.3,77.3,54.4,55.9,0,1,0,0,0,4,1,100,0,10447.27186,106.6833333,109.9333333,0,1,31,0,0,0,90063345,Zblw0pscN6nAKyTm
4,0,48,105.92,165.18,116.03,139.01,1499.192505,1,1,24,0,4,4,300.08,0,0,0,0,85.86666667,2,32,1,1,2540,89950167,7hLR0HIEA4tXCUzK
1,0,10,60.5,63.1,67.1,71.9,0,1,0,0,0,4,2,100,0,8629.197108,45.6,92.21666667,0,2,34,0,0,0,90063345,LsE3FjtMuxDnVKlo
1,0,10,43.9,49.7,44.2,66.6,0,1,0,0,0,4,1,100,0,12921.86961,2.383333333,0,2.383333333,1,20,0,0,0,90063345,kFRq9BOghZ58o3r0
1,0,9,73.7,64.53,72.6,96.7,0,1,0,0,0,4,2,60,0,17368.99727,117.9166667,169.6166667,0,1,27,0,0,0,90063345,dKDGRLAx8NHg2BJ9
4,0,64,76,76,56.2,56.4,669.9126129,0,0,0,0,4,1,300,625.5483112,0,0,0,13.51666667,2,43,0,0,0,89950166,Cn7RWXq4LOBtblPG
4,1,64,100.63,100,167.44,110.37,12172.52256,0,9,12,1,4,3,200,3.461914063,12212.36476,56.03333333,0,68.88333333,1,26,0,0,0,89950166,AwbBeJ36vOGnEYok
4,0,41,85,145.1,105,95,2923.09285,0,3,12,1,4,1,100,3072,2923.082541,33.56666667,0,36.41666667,1,21,0,0,0,89950166,s37IRzv5PVMwfOBa
1,0,14,41.2,39.1,52.4,52.4,0,1,0,0,0,4,1,30,0,1689.489135,42.31666667,32.06666667,59.03333333,2,38,0,0,0,90063345,eYlAopwcSV6LHd9x
4,0,103,201,201,171.6,141,1911.270013,1,0,0,0,4,1,200,0,1911.283625,175.0666667,0,195.6,1,30,0,0,0,99999828,W91Luplkt28JrmTO
4,0,134,124.1,123.9,121.9,131.95,752.7495165,0,1,24,0,4,3,150,1024,761.021795,110.2333333,0,168.85,1,35,0,0,0,89950167,NsebV0SE865Uc9Ha
1,0,59,66.4,90.4,62.9,41.8,724.0077095,1,0,0,0,4,1,10,0,22224.64734,109.2833333,105.2166667,254.4,1,22,1,1,9900,90063345,WsSNjRvzODHB0TQl
4,0,67,196,196.1,196.1,196,3292.475841,0,1,36,0,4,2,400,1912.027408,3284.306926,259.4833333,0,263.3166667,1,30,0,0,0,99999826,3RVUiy2jgnarXCw7
4,0,9,66.75,36,36,36,241.960597,0,3,12,0,4,2,0.01,0,241.960597,0.383333333,0,35.26666667,2,33,3,1,0,89950168,UHzXSEarWDOtQdmq
1,0,10,48.5,46.1,57.5,66.5,0,1,0,0,0,4,5,50,0,23399.63211,0,2,0,1,21,0,0,0,90063345,SEXJyUnNwdkC0Lvc
1,0,7,112.9,160,114,130.6,0,1,0,0,0,4,7,120,0,28313.61103,0,0,0,1,32,0,0,0,90155946,EoLH3KvtuRi6eqMx
1,0,4,57.1,38.79,25.65,16.03,12.13475609,1,0,0,0,4,2,35,0,21979.53208,22.71666667,141.25,0,2,33,0,0,0,90063345,nkcqIYihLs2mxarG
4,0,41,166,231,166,181.2,3219.460711,0,1,24,1,4,1,100,0,1861.883666,41.43333333,0,97.01666667,1,28,0,0,0,99999827,aiHz6FbMTV3wyj1o
4,0,5,56.08,56,57.05,56.1,238.0907927,0,9,12,0,4,1,0.02,500,238.02501,1.983333333,0,1.983333333,1,35,0,0,0,89950168,qC5DxgQsHvkuf4nF
4,0,50,149.75,130.2,183.8,153.5,180.3279247,0,0,0,0,4,4,160,580.5103464,33.174684,25.63333333,259.15,251.3,2,29,0,0,0,89950167,YidAxgHXO71y4NcU
4,0,46,180,153,115.5,86.6,799.1219578,1,0,0,0,4,2,200,0,812.283858,5.366666667,0,5.366666667,1,25,0,0,0,89950168,3DrknaeZiOVQNTX0
1,0,9,76,55.3,76.4,69,6967.361232,1,0,0,0,4,3,120,0,7224.308388,30.6,179.7333333,88.21666667,2,23,0,0,0,90109916,XIVKxMnSzHfUGRyL
4,1,14,140.79,156,136,136,1040.197246,0,1,24,0,4,2,50,0,1775.606207,31.65,0,288.35,2,39,0,0,0,99999828,aSx4A5nrow1JQpvR
4,0,82,178.2,247.25,139,141.85,600,0,1,24,0,4,2,300.05,0,1276.494363,357.05,202.7,377.2,1,33,0,0,0,99999828,TJy8BOrbvH57g0Fc
1,0,6,62.9,94.4,70.8,29.3,0,1,0,0,0,4,2,60,0,0,0,102.8666667,0,1,19,0,0,0,90063345,fmpqBlXT4OaH8eQJ
4,0,33,120,140.65,120,165.64,964.3589869,0,0,0,1,4,1,200,1024,947.861019,147.7333333,0,157.7833333,1,33,0,0,0,89950167,3Q2G5WEdYXDhqINF
4,0,19,110,110,56.15,138,1334.237132,0,12,34,0,4,4,120,0,0,0,0,87.58333333,2,25,0,0,0,89950166,T6HwuvForp9BSlUa
1,0,16,37.6,36.2,36.5,36.1,4043.742243,0,0,0,0,4,2,40,1341.703263,4514.903397,3.533333333,0,48.08333333,2,24,0,0,0,90109916,8BlQJgvFIHRbXfMq
4,0,63,196,256,96,158.7,2164.063461,1,9,12,0,4,1,200,0,0,0,0,276.6166667,1,48,0,0,0,99999828,65YWKc3yPEFdLtHA
1,0,9,39.1,42.2,38.6,47.6,0,1,0,0,0,4,2,100,0,2971.652508,0,0,0,1,35,0,0,0,90063345,L4QGyrHmYI6l3Tcn
4,0,52,420,424.2,420,462.4,952.9440241,0,0,0,0,4,1,500,0,2529.04385,5.716666667,0,332.1166667,1,33,0,0,0,99999825,JSwqP8KFAV15sOu3
1,0,13,55.6,56.5,49.2,60.8,0,1,0,0,0,4,1,100,0,42203.70021,14.23333333,17.36666667,0,1,25,0,0,0,90063345,p6DkUVtrTdY2JjxX
4,0,187,264.15,187.4,215.93,338.87,1710.35693,0,1,24,0,4,1,176.4,468.0540571,1316.059858,510.5333333,321.2666667,362.45,0,0,0,0,0,99999828,GzjbC6mdDZqS39JO
1,0,7,28.2,44.9,52.7,55.6,0,1,0,0,0,4,2,30,0,63.041633,32.9,45.11666667,0,1,22,1,1,1500,90063345,mVWiG24gTdYFvLZX
1,0,10,47.3,49.5,36.9,48.2,0,1,0,0,0,4,1,50,0,5751.366868,0,0,0,1,27,0,0,0,90063345,W2rvQYLV4TFjxaIk
1,0,5,40,54,47.1,49.3,0,1,0,0,0,4,1,30,0,4546.460578,0,17.6,0,2,16,0,0,0,90063345,hUJkCOq84jyIw1RZ
1,0,11,47.5,56,50,79.2,0,1,0,0,0,4,1,50,0,0,0,0,0.216666667,1,23,0,0,0,90063345,PyoWOTDneB4L68hS
4,1,37,106.1,111.6,110.78,118.39,723.073451,0,0,0,0,4,1,100,780.2028236,726.933069,76.55,0,101.3833333,2,0,1,1,0,89950167,cjtkA4qyKlYQICSb
4,0,93,196,256,255.7,252.4,3933.700233,0,9,12,0,4,1,200,0,3933.760983,103.5333333,0,153.05,1,30,0,0,0,99999826,nGwVyvRzTYjHlShf
4,0,41,105.1,150.1,100,99.95,1524.801882,0,12,30,0,4,2,100,376.1302519,1471.748764,3.85,35.41666667,460.1666667,1,35,0,0,0,99999827,4aV7wkQ6JHEZloqO
4,0,79,81,83.4,107.2,85.9,343.8268967,0,1,24,0,4,1,10,0,0,0,0,70.56666667,1,48,0,0,0,99999830,P4ZHwbnLBk9r3za2
1,0,8,84.2,107.8,53.3,69.4,0,1,0,0,0,4,2,60,0,52352.53156,5.116666667,25.4,0,2,28,0,0,0,90063345,ZxjrQBzPl6JWXeDN
1,0,10,45.1,43.1,40.1,47.4,0,1,0,0,0,4,2,60,0,1645.082032,1.083333333,1.083333333,0,2,25,0,0,0,90063345,5m4RaMU92nPXq6it
4,0,134,106,106,106.15,107.95,1172.207414,0,1,24,0,4,1,100,206.7357922,1069.174116,90.73333333,0,200.2,1,37,0,0,0,89950167,sVBpISt8gCuEmPHQ
1,0,4,36.1,36,5,0,1013.784385,0,0,0,0,4,1,20,2048,1065.116033,20.73333333,0,20.73333333,1,38,0,0,0,90109916,1ZXjnoYqD6mktF5B
4,0,29,46,46,47.2,66.4,555.8252764,0,12,36,0,4,1,50,340.4550247,0,0,0,42.45,1,25,1,1,0,99999830,lXOSFv3Q4VBajKGg
4,0,134,164.82,136,136,193.45,1449.98971,0,1,24,0,4,2,200,1024,1104.796902,126.9,0,180.0166667,1,47,0,0,0,99999828,RVYlwyQH5qZ7cIkE
4,0,89,95.95,116.25,96,96,0,0,3,12,0,3,3,300.05,0,929.231632,257.9166667,0,283.5833333,1,46,0,0,0,99999828,aQX9RxiDYgEnKUrf
4,0,72,245,245.1,175,284.93,3724.087012,1,9,12,0,4,2,400,0,3484.09367,47.26666667,0,59.23333333,1,34,0,0,0,89950166,7pcJ2DGd3Eesmi1b
1,0,8,43.4,48.8,40.3,54.3,0,1,0,0,0,4,2,60,0,12154.22708,3.333333333,3.333333333,0,1,27,0,0,0,90063345,lMAE5aUzpZ84GFNK
4,0,64,131.8,136.8,120.4,184.3,12349.5316,0,9,12,1,4,3,150.05,0,12550.9181,143.3833333,54.7,94.61666667,1,27,0,0,0,89950166,VhcqIHpDLGjmzyuK
4,0,38,76,76,76,76.09,141.4516144,0,0,0,0,4,2,300,400,141.451614,27.95,0,29.63333333,0,28,0,0,0,99999830,Cq15J9LEPd7AbY4l
1,0,13,97,68.3,72.2,100.5,100,1,0,0,0,4,3,130,0,0,0,406.5166667,39.13333333,2,29,0,0,0,90063345,AY6XgBp5bNdHq4VC
1,0,7,48.1,51,44.9,54.6,0,1,0,0,0,4,1,50,0,29696.97877,0,0,0,2,36,0,0,0,90063345,4UeIAbVByFq0wG35
1,0,13,61.2,51.2,27.8,51.5,0,1,0,0,0,4,2,60,0,29851.75491,12.45,81.75,0,1,50,1,1,800,90063345,UIFWZs086BzOpSLu
1,0,7,45.7,44.2,29,52.6,0,1,0,0,0,4,1,50,0,0,0,24.51666667,0.833333333,1,48,0,0,0,90063345,eTgazOAlnxtb5Pmj
4,0,39,205.85,141.55,106,106,1798.835347,0,3,12,0,4,4,200.05,197.4665632,632.322195,51.45,191.7166667,241.8,1,32,0,0,0,89950167,6izdjGMaXkIFRe8g
4,0,9,191.87,403.35,729.35,660.35,2083.18975,1,3,12,1,4,2,200,0,2057.062661,245.5666667,28.56666667,280.6666667,1,51,0,0,0,89950167,ZOPxv6bW3zJC4ylB
4,,,,,,,,,,,,,,,,,,,,,,,,,,